,E.C,TDS,Cl,NO3 ,Na,Ca,Mg,T.H,SAR,Classification,RSC  meq  / L
0,745,476.8,60,42.27681818,49.0,48.0,38.896,279.9342105,1.273327902,2,-1.198684211
1,921,589.44,80,100.6590909,42.0,56.0,63.206,399.8930921,0.913165517,3,-3.397861842
2,510,326.4,30,41.47154545,45.0,24.0,38.896,219.9342105,1.319283964,2,-0.398684211
3,422,270.08,10,10.66986364,27.0,32.0,19.448,159.9671053,0.928155164,2,0.000657895
4,2321,1485.44,340,128.8436364,298.0,56.0,92.378,519.84375,5.682664477,0,-4.396875
5,1030,659.2,60,66.435,73.0,80.0,34.034,339.9424342,1.72144176,3,0.001151316
6,2129,1362.56,330,193.2654545,162.0,88.0,126.412,739.7861842,2.589608252,3,-7.995723684
7,982,628.48,40,144.9490909,85.0,48.0,43.758,299.9259868,2.133949028,3,-1.198519737
8,2420,1548.8,290,134.8831818,321.0,48.0,97.24,519.8355263,6.121307804,0,-1.996710526
9,250,160.0,30,24.3595,10.20021285,24.0,9.724,99.98355263,0.443523991,2,-0.846885217
10,1840,1177.6,380,159.444,150.3975766,64.0,106.964,599.8190789,2.669948378,3,-7.83894354
11,1550,992.0,140,11.29395,190.9923317,24.0,72.93,359.8766447,4.377349903,3,3.746380368
12,1390,889.6,170,70.864,161.8440782,24.0,68.068,339.8848684,3.816832154,3,0.401311253
13,2520,1612.8,280,735.214,235.1246184,24.0,165.308,739.7203947,3.758689678,0,-9.974771846
14,869,556.16,90,7.9722,72.64980488,40.0,43.758,279.9259868,1.887926173,3,0.192104435
15,782,500.48,60,219.2355,22.59306207,56.0,29.172,259.9506579,0.609258784,3,-2.914141488
16,2880,1843.2,480,210.3775,326.4744644,32.0,155.584,719.7368421,5.290960448,0,-3.192181337
17,490,313.6,40,0.4429,29.8891904,32.0,19.448,159.9671053,1.027474311,2,0.349816786
18,1010,646.4,110,95.2235,81.68477438,72.0,34.034,319.9424342,1.985534124,3,-1.433483162
19,460,294.4,30,0.8858,39.99707701,32.0,4.862,99.99177632,1.739074858,2,1.646980071
20,1081,691.84,160,141.728,85.27975782,64.0,43.758,339.9259868,2.011064218,3,-3.727793695
21,2080,1331.2,360,335.2753,68.17983978,120.0,145.86,899.7532895,0.98824908,3,-13.83228458
22,1290,825.6,130,57.35555,193.8426385,40.0,29.172,219.9506579,5.682753839,3,3.457967525
23,991,634.24,110,18.136755,73.11603375,72.0,38.896,339.9342105,1.724198853,3,-0.757371069
24,421,269.44,20,3.422409091,27.0,24.0,19.448,139.9671053,0.992254181,2,-0.599342105
25,404,258.56,40,22.145,16.0,24.0,24.31,159.9588816,0.550032013,2,-0.999177632
26,368,235.52,30,29.99640909,22.0,32.0,14.586,139.9753289,0.808479657,2,-0.599506579
27,1452,929.28,190,121.3948636,156.0,48.0,63.206,379.8930921,3.479894391,3,-2.397861842
28,819,524.16,60,37.42505,33.18059628,104.0,19.448,339.9671053,0.782416322,3,-1.299360911
29,1149,735.36,220,22.167145,164.4849717,72.0,9.724,219.9835526,4.821734384,3,-0.086244769
30,1194,764.16,110,58.68425,101.9418385,96.0,29.172,359.9506579,2.336162993,3,0.135571412
31,1445,924.8,170,52.7051,94.40207972,160.0,29.172,519.9506579,1.800000642,3,-2.425147394
32,779,498.56,60,10.164555,57.11590859,56.0,24.31,239.9588816,1.603100831,3,0.702779753
33,1379,882.56,160,118.6972,80.16061447,168.0,24.31,519.9588816,1.528441078,3,-4.069323019
34,1231,787.84,120,38.31085,105.3718166,80.0,43.758,379.9259868,2.35042897,3,0.128095032
35,839,536.96,90,52.04075,78.69718452,64.0,19.448,239.9671053,2.20879547,3,-0.245598886
36,2227,1425.28,520,39.45836364,282.0,88.0,77.792,539.8684211,5.276881116,3,-7.997368421
37,776,496.64,150,63.21390909,85.0,24.0,48.62,259.9177632,2.292308735,3,-3.198355263
38,1140,729.6,110,77.30618182,135.0,40.0,38.896,259.9342105,3.640610452,3,-1.398684211
39,624,399.36,100,45.09527273,92.0,24.0,19.448,139.9671053,3.381014248,2,-0.799342105
40,1027,657.28,140,41.67286364,107.0,64.0,34.034,299.9424342,2.686191595,3,-2.398848684
41,564,360.96,50,5.234272727,70.0,40.0,19.448,179.9671053,2.268682068,2,-0.799342105
42,1083,693.12,170,62.40863636,30.0,56.0,97.24,539.8355263,0.561387435,3,-6.996710526
43,973,622.72,100,62.81127273,165.0,48.0,5.0,120.0,6.548856666,3,1.6
44,1458,933.12,240,18.31995455,202.0,80.0,48.62,399.9177632,4.391755826,3,1.201644737
45,1234,789.76,140,22.74895455,165.0,24.0,34.034,199.9424342,5.073452757,3,2.201151316
46,1265,809.6,120,46.5045,200.0,24.0,38.896,219.9342105,5.863484282,3,1.801315789
47,742,474.88,120,43.68604545,52.0,64.0,29.172,279.9506579,1.351247058,2,-3.799013158
48,1087,695.68,150,82.54045455,112.0,56.0,38.896,299.9342105,2.811753112,3,-3.198684211
49,1057,676.48,150,62.81127273,114.0,56.0,58.344,379.9013158,2.542972223,3,-2.598026316
50,550,352.0,30,24.76213636,61.0,16.0,29.172,159.9506579,2.097050957,2,0.600986842
51,1664,1064.96,230,177.16,188.0,80.0,58.344,439.9013158,3.897197208,3,-4.198026316
52,923,590.72,110,72.87718182,114.0,48.0,34.034,259.9424342,3.07424464,3,-0.998848684
53,1053,673.92,110,46.30318182,133.0,48.0,34.034,259.9424342,3.586618747,3,0.201151316
54,307,196.48,20,5.435590909,42.0,8.0,19.448,99.96710526,1.826387374,2,0.600657895
55,1280,819.2,150,43.08209091,136.0,56.0,53.482,359.9095395,3.116839172,3,-1.198190789
56,1857,1188.48,340,26.574,214.0,80.0,63.206,459.8930921,4.338678745,3,-3.997861842
57,3290,2105.6,720,1.06296,714.8001947,32.0,4.862,99.99177632,31.0795473,0,7.416119755
58,2000,1280.0,340,149.92165,92.84248259,56.0,160.446,799.7286184,1.427406237,3,-8.867364649
59,2120,1356.8,390,21.812825,196.2029156,112.0,87.516,639.8519737,3.372390552,3,-5.138299807
60,2890,1849.6,600,68.2066,218.734442,120.0,165.308,979.7203947,3.038353229,0,-11.29554833
61,1304,834.56,190,77.9504,44.22634977,184.0,24.31,559.9588816,0.812596957,3,-5.279870517
62,2780,1779.2,370,134.6416,568.3305615,24.0,24.31,159.9588816,19.53750018,0,10.8837683
63,1266,810.24,180,183.13915,100.0220632,104.0,38.896,419.9342105,2.122156188,3,-4.519997771
64,583,373.12,30,46.5045,24.83216741,56.0,24.31,239.9588816,0.696976888,2,-0.831834654
65,1649,1055.36,260,153.90775,106.2358424,48.0,116.688,599.8026316,1.885988528,3,-5.98530079
66,3380,2163.2,570,154.5721,589.2740193,32.0,68.068,359.8848684,13.50540662,0,4.321995404
67,3260,2086.4,550,126.00505,409.5295499,80.0,131.274,739.7779605,6.546462941,0,-3.730803026
68,1685,1078.4,80,108.5105,279.7578626,40.0,34.034,239.9424342,7.852373252,3,4.996379813
69,1509,965.76,200,92.5661,87.94870116,120.0,63.206,559.8930921,1.616028589,3,-3.829276909
70,923,590.72,50,65.1063,75.48433963,56.0,38.896,299.9342105,1.895029704,3,0.017517975
71,1059,677.76,150,80.38635,33.46075998,80.0,63.206,459.8930921,0.678390131,3,-4.49551719
72,1305,835.2,220,77.5075,79.92125619,144.0,29.172,479.9506579,1.586120469,3,-4.618061875
73,1185,758.4,170,70.4211,107.3902156,88.0,34.034,359.9424342,2.461049525,3,-1.740947206
74,980,627.2,50,12.246185,70.54645356,40.0,58.344,339.9013158,1.663684335,3,1.030809203
75,985,630.4,70,52.97084,80.46929257,64.0,38.896,319.9342105,1.956014214,3,0.269266468
76,3590,2297.6,720,143.9425,409.1738344,112.0,97.24,679.8355263,6.823042712,0,-2.556707626
77,624,399.36,60,34.5462,42.2707476,80.0,4.862,219.9917763,1.239107169,2,-0.601634094
78,935,598.4,80,33.88185,77.92151393,88.0,19.448,299.9671053,1.956107552,3,0.131749487
79,1218,779.52,100,81.9365,106.1481337,88.0,38.896,379.9342105,2.367719913,3,0.005508256
80,522,334.08,30,5.602685,19.47194868,64.0,14.586,219.9753289,0.570813969,2,-0.29308741
81,684,437.76,40,50.9335,45.93396045,72.0,14.586,239.9753289,1.289207307,2,-0.164866735
82,940,601.6,80,17.250955,51.24898723,72.0,43.758,359.9259868,1.174494127,3,-0.619505526
83,881,563.84,40,14.460685,65.56554923,88.0,19.448,299.9671053,1.645928827,3,1.064437024
84,639,408.96,50,15.169325,37.77247864,64.0,19.448,239.9671053,1.060160922,2,-0.289382777
85,685,438.4,20,8.63655,47.25617918,56.0,24.31,239.9588816,1.326362864,2,1.070687528
86,959,613.76,100,39.19665,65.10218026,80.0,34.034,339.9424342,1.535200161,3,-0.788220504
87,600,384.0,60,35.432,27.65815402,80.0,9.724,239.9835526,0.776255367,2,-1.362730335
88,1020,652.8,100,106.7389,52.25441718,80.0,48.62,399.9177632,1.136082382,3,-2.90019613
89,443,283.52,20,31.003,57.0,16.0,19.448,119.9671053,2.262642445,2,0.800657895
90,722,462.08,70,31.40563636,89.0,32.0,29.172,199.9506579,2.736533392,2,0.400986842
91,666,426.24,50,45.49790909,75.0,24.0,29.172,179.9506579,2.430841869,2,0.000986842
92,872,558.08,80,142.3319545,114.0,32.0,34.034,219.9424342,3.342123558,3,-0.998848684
93,352,225.28,20,20.73577273,44.0,16.0,14.586,99.97532895,1.913279506,2,0.400493421
94,2430,1555.2,400,221.45,129.4793928,48.0,199.342,939.6628289,1.8364825,0,-10.463001
95,1014,648.96,190,62.006,100.3156578,40.0,43.758,279.9259868,2.606869437,3,-2.355569765
96,940,601.6,120,86.3655,84.85990054,104.0,4.862,279.9917763,2.204966748,3,-1.36245409
97,2530,1619.2,380,243.595,168.6257531,184.0,106.964,899.8190789,2.444097167,0,-8.510919731
98,1092,698.88,80,12.4012,94.36825248,56.0,48.62,339.9177632,2.225415695,3,1.306381567
99,1435,918.4,150,66.435,125.7870809,24.0,92.378,439.84375,2.607708184,3,-0.391922015
100,1100,704.0,130,57.577,60.61068885,72.0,58.344,419.9013158,1.286020128,3,-2.519367062
101,1030,659.2,130,93.009,35.72279257,112.0,38.896,439.9342105,0.740497673,3,-4.163620195
102,1055,675.2,90,110.725,48.39248297,72.0,58.344,419.9013158,1.026777757,3,-2.652311667
103,695,444.8,70,27.4598,40.70985836,24.0,48.62,259.9177632,1.097877222,2,-0.963934346
104,1705,1091.2,220,35.432,164.0807686,56.0,87.516,499.8519737,3.190870214,3,-0.580641762
105,1725,1104.0,190,53.148,102.3019911,40.0,131.274,639.7779605,1.758496923,3,-2.454185429
106,1412,903.68,160,263.5255,115.8534108,112.0,43.758,459.9259868,2.348751193,3,-4.544346076
107,922,590.08,130,95.2235,103.5167455,32.0,38.896,239.9342105,2.905605748,3,-1.310201147
108,967,618.88,20,64.2205,22.00807446,32.0,87.516,439.8519737,0.456247963,3,-1.031802885
109,1285,822.4,70,28.98981818,200.0,24.0,43.758,239.9259868,5.613885037,3,3.601480263
110,612,391.68,40,53.34931818,74.0,24.0,24.31,159.9588816,2.543898061,2,0.000822368
111,702,449.28,40,54.55722727,84.0,48.0,14.586,179.9753289,2.722356283,2,1.000493421
112,549,351.36,30,25.36609091,51.0,24.0,29.172,179.9506579,1.652972471,2,0.400986842
113,679,434.56,40,21.74236364,68.0,24.0,34.034,199.9424342,2.0908775,2,0.801151316
114,674,431.36,30,16.30677273,55.0,32.0,43.758,239.9259868,1.543818385,2,1.001480263
115,1846,1181.44,260,82.54045455,249.0,56.0,58.344,379.9013158,5.554386698,3,-1.998026316
116,1296,829.44,30,6.844818182,141.0,40.0,68.068,379.8848684,3.145323206,3,3.802302632
117,1135,726.4,70,64.42181818,92.0,40.0,63.206,359.8930921,2.108498207,3,-1.197861842
118,1212,775.68,90,68.44818182,59.0,56.0,82.654,479.8601974,1.171026738,3,-3.797203947
119,1096,701.44,50,70.46136364,103.0,16.0,68.068,319.8848684,2.503874402,3,-1.797697368
120,1896,1213.44,260,82.54045455,306.0,32.0,43.758,259.9259868,8.252180899,3,1.001480263
121,212,135.68,20,22.54763636,22.0,8.0,9.724,59.98355263,1.235033542,1,-0.599671053
122,1774,1135.36,260,102.6722727,166.0,64.0,87.516,519.8519737,3.165486046,3,-4.797039474
123,398,254.72,50,1.99305,35.93565348,40.0,4.862,119.9917763,1.426336413,2,-0.151817865
124,637,407.68,50,1.10725,63.72342624,32.0,24.31,179.9588816,2.065307109,2,1.070892411
125,711,455.04,100,7.0864,71.00984334,48.0,19.448,199.9671053,2.183290066,2,-0.269806782
126,517,330.88,40,1.99305,53.76548932,40.0,9.724,139.9835526,1.975773977,2,0.866787839
127,1941,1242.24,250,14.6157,274.7317129,48.0,63.206,379.8930921,6.128444532,3,3.2904598
128,1546,989.44,270,188.2325,99.51565681,80.0,87.516,559.8519737,1.82863476,3,-7.270733624
129,1669,1068.16,350,133.7558,64.66671084,120.0,97.24,699.8355263,1.062808314,3,-10.29269642
130,1473,942.72,280,93.67335,119.9665707,104.0,53.482,479.9095395,2.380963386,3,-4.943259503
131,1211,775.04,190,39.861,156.5653097,48.0,34.034,259.9424342,4.222105826,3,0.497377478
132,1856,1187.84,350,108.0676,174.6639509,64.0,87.516,519.8519737,3.330700599,3,-4.156606318
133,1974,1263.36,350,107.6247,263.9425723,56.0,68.068,419.8848684,5.600367115,3,-1.065254689
134,1667,1066.88,330,188.2325,119.4802649,56.0,106.964,579.8190789,2.157357356,3,-7.87255644
135,758,485.12,70,21.33972727,52.0,32.0,43.758,259.9259868,1.402331395,3,-0.798519737
136,678,433.92,80,12.28040909,84.0,40.0,24.31,199.9588816,2.582742449,2,0.400822368
137,2783,1781.12,540,3.019772727,576.0,16.0,43.758,219.9259868,16.88715045,0,3.001480263
138,1255,803.2,170,18.52127273,174.0,48.0,34.034,259.9424342,4.692268135,3,-1.798848684
139,528,337.92,60,43.48472727,40.0,48.0,29.172,239.9506579,1.122719286,2,-1.399013158
140,689,440.96,60,2.818454545,36.0,48.0,34.034,259.9424342,0.970814097,2,-0.798848684
141,802,513.28,30,14.1728,92.85292624,40.0,24.31,199.9588816,2.854942787,3,2.741027251
142,841,538.24,90,20.59485,65.52229149,64.0,29.172,279.9506579,1.702630839,3,-0.434993748
143,1090,697.6,110,17.49455,95.48600542,56.0,48.62,339.9177632,2.251774824,3,0.337581688
144,804,514.56,130,19.9305,56.94063963,48.0,38.896,279.9342105,1.479675616,3,-1.834948766
145,1450,928.0,280,101.867,105.2190557,72.0,77.792,499.8684211,2.046155867,3,-5.618946658
146,2070,1324.8,400,143.9425,201.693798,96.0,87.516,599.8519737,3.580491623,0,-5.814117227
147,1350,864.0,130,26.574,100.9264493,64.0,72.93,459.8766447,2.046239583,3,-0.427206974
148,870,556.8,170,29.89575,74.57495511,72.0,19.448,259.9671053,2.01097173,3,-2.258452531
149,830,531.2,150,20.15195,72.73548026,48.0,34.034,259.9424342,1.961461933,3,-1.870300461
150,2830,1811.2,590,232.5225,305.9359156,160.0,87.516,759.8519737,4.82545345,0,-8.443505351
151,2110,1350.4,480,155.015,119.7580697,160.0,97.24,799.8355263,1.841096727,3,-11.74825621
152,1721,1101.44,320,201.5195,138.4252969,96.0,77.792,559.8684211,2.543575549,3,-7.017054433
153,714,456.96,40,24.8024,63.58111447,48.0,24.31,219.9588816,1.863929787,2,0.93305745
154,1310,838.4,170,155.015,91.93025039,48.0,82.654,459.8601974,1.863878919,3,-3.897338183
155,350,224.0,30,13.7299,25.34785991,32.0,9.724,119.9835526,1.006126537,2,-0.127123313
156,2920,1868.8,770,186.018,169.4580472,264.0,106.964,1099.819079,2.221640259,0,-18.55298959
157,382,244.48,30,2.87885,22.0852428,32.0,14.586,139.9753289,0.811612251,2,-0.076825506
158,710,454.4,80,37.6465,44.80065673,48.0,34.034,259.9424342,1.20814192,2,-1.303888044
159,381,243.84,40,2.43595,21.8373952,40.0,9.724,139.9835526,0.802480508,2,-0.361755018
160,870,556.8,50,9.07945,80.39848452,72.0,19.448,259.9671053,2.168007735,3,1.607189842
161,1085,694.4,120,12.62265,158.9467674,40.0,24.31,199.9588816,4.887125755,3,2.758822852
162,2250,1440.0,460,54.9196,189.9321594,192.0,58.344,719.9013158,3.077755998,0,-6.626937161
163,412,263.68,30,2.2145,19.80130163,40.0,14.586,159.9753289,0.680674369,2,-0.127444553
164,1668,1067.52,240,143.0567,99.84615619,200.0,29.172,619.9506579,1.743512044,3,-5.544478858
165,1051,672.64,50,50.71205,105.5447845,88.0,19.448,299.9671053,2.649550036,3,1.802661271
166,1411,903.04,200,38.0894,151.7265771,56.0,58.344,379.9013158,3.384530448,3,-0.071069954
167,240,153.6,20,79.35580223,19.0,16.0,14.586,79.97532895,0.923735741,1,-0.199506579
168,340,217.6,30,9.8080205,33.0,24.0,9.724,99.98355263,1.434900615,2,0.400328947
169,1612,1031.68,250,10.69965873,223.0,40.0,58.344,339.9013158,5.258968919,3,0.801973684
170,1569,1004.16,110,45.47354959,257.0,40.0,34.034,239.9424342,7.213595024,3,5.601151316
171,1059,677.76,150,101.20265,69.39478669,80.0,38.896,359.9342105,1.590330711,3,-2.957053844
172,1574,1007.36,210,73.5214,73.42677121,152.0,58.344,619.9013158,1.282228177,3,-4.204556422
173,1986,1271.04,320,137.52045,82.90497879,120.0,126.412,819.7861842,1.258932598,3,-8.403516839
174,2060,1318.4,330,223.88595,98.97333282,104.0,136.136,819.7697368,1.502949603,3,-9.298577931
175,1475,944.0,130,58.24135,84.12445627,88.0,82.654,559.8601974,1.545804751,3,-1.460508979
176,2742,1754.88,600,84.151,240.9355435,136.0,126.412,859.7861842,3.572545807,0,-8.848373648
177,1299,831.36,130,52.2622,135.3795653,48.0,58.344,359.9013158,3.102655538,3,0.82498889
178,1592,1018.88,240,108.73195,130.537583,112.0,58.344,519.9013158,2.489128244,3,-3.570445587
179,2870,1836.8,420,256.66055,243.8144868,120.0,145.86,899.7532895,3.5340277,0,-6.362558145
180,1169,748.16,80,104.5244,13.34107229,112.0,68.068,559.8848684,0.245139636,3,-3.852833157
181,1287,823.68,150,85.4797,21.71424667,72.0,102.102,599.8273026,0.385481745,3,-5.087894258
182,3730,2387.2,620,664.35,218.9643425,280.0,170.17,1399.712171,2.544639075,0,-20.17747703
183,1012,647.68,130,13.46416,77.89601718,56.0,48.62,339.9177632,1.836963329,3,-1.141967438
184,1705,1091.2,20,143.0567,375.8479706,8.0,5.0,40.0,25.83773133,0,12.75000802
185,430,275.2,40,0.8858,33.75748878,48.0,4.862,139.9917763,1.24048362,2,0.064847175
186,1764,1128.96,310,34.878375,115.1167124,160.0,58.344,639.9013158,1.978581939,3,-6.764171099
187,1409,901.76,200,39.19665,114.6073525,104.0,48.62,459.9177632,2.323510034,3,-2.334056045
188,1830,1171.2,320,48.719,175.8569102,152.0,38.896,539.9342105,3.290494579,3,-3.137484509
189,2530,1619.2,310,284.3418,483.7845573,24.0,38.896,219.9342105,14.18331574,0,6.466190054
190,1450,928.0,80,29.6743,289.6110546,16.0,14.586,99.97532895,12.59333853,3,9.245858823
191,1163,744.32,60,94.55915,102.959453,56.0,53.482,359.9095395,2.359618061,3,0.598461833
192,1161,743.04,130,58.68425,112.0377129,32.0,63.206,339.8930921,2.64219721,3,-0.312326398
193,1480,947.2,180,198.19775,94.43889745,80.0,82.654,539.8601974,1.767186632,3,-4.834441317
194,823,526.72,60,133.7558,23.38753429,72.0,43.758,359.9259868,0.535981746,3,-3.129176638
195,745,476.8,20,14.1728,152.4908123,8.0,4.862,39.99177632,10.48408406,2,5.491410586
196,3450,2208.0,370,134.6416,696.9715615,24.0,24.31,159.9588816,23.95979194,0,17.41260164
197,1241,794.24,150,7.5293,57.93682515,176.0,14.586,499.9753289,1.126555441,3,-2.79432026
198,406,259.84,60,1.660875,37.61758289,40.0,4.862,119.9917763,1.493094547,2,-0.370101951
199,2740,1753.6,440,558.054,219.6721916,208.0,82.654,859.8601974,3.257116733,0,-12.31288471
200,1292,826.88,210,24.58095,96.02446958,104.0,43.758,439.9259868,1.990509581,3,-2.930480796
201,2810,1798.4,770,20.28482,98.93572639,264.0,131.274,1199.777961,1.241866382,0,-18.78081008
202,2670,1708.8,520,37.95653,332.9725306,144.0,63.206,619.8930921,5.814631174,0,-1.720581969
203,1320,844.8,200,77.0646,94.19945782,112.0,43.758,459.9259868,1.909750325,3,-3.534368137
204,1497,958.08,170,2.6574,216.7556348,32.0,48.62,279.9177632,5.632838903,3,4.009953358
205,1926,1232.64,320,106.296,176.2833391,176.0,34.034,579.9424342,3.182665443,3,-3.832487078
206,1411,903.04,210,25.001705,150.5274091,104.0,29.172,379.9506579,3.357562844,3,-0.309659931
207,1620,1036.8,320,45.84015,97.78230805,208.0,19.448,599.9671053,1.735676279,3,-6.433213832
208,1767,1130.88,350,9.96525,247.0493225,64.0,43.758,339.9259868,5.825908343,3,0.16378961
209,1352,865.28,200,58.9057,143.7238086,104.0,24.31,359.9588816,3.293627153,3,-1.092035556
210,487,311.68,80,2.546675,37.38850751,40.0,14.586,159.9753289,1.285238679,2,-1.071174511
211,781,499.84,90,60.89875,77.82966687,56.0,19.448,219.9671053,2.281594524,3,-0.604322695
212,2270,1452.8,510,12.22404,239.8172365,144.0,63.206,619.8930921,4.187879333,0,-5.40024074
213,809,517.76,20,46.5045,37.40802198,64.0,38.896,319.9342105,0.909298695,3,-0.12026667
214,2020,1292.8,330,117.58995,374.3006246,48.0,9.724,159.9835526,12.86634071,3,4.741473134
215,1715,1097.6,260,217.9068,109.7419942,160.0,53.482,619.9095395,1.916376568,3,-6.787015139
216,691,442.24,40,3.63178,104.575608,16.0,19.448,119.9671053,4.151179114,2,2.942454881
217,2380,1523.2,430,96.77365,284.1420921,88.0,87.516,579.8519737,5.130375677,0,-2.076259964
218,1310,838.4,220,9.07945,87.13108243,96.0,53.482,459.9095395,1.766481381,3,-3.038126411
219,4850,3104.0,950,420.755,366.6563255,184.0,228.514,1399.613487,4.261154552,0,-16.34540083
220,2260,1446.4,440,376.465,71.86106115,184.0,126.412,979.7861842,0.998159936,0,-16.49316636
221,1248,798.72,270,83.04375,58.30705248,120.0,48.62,499.9177632,1.133819619,3,-6.909154175
222,920,588.8,140,2.87885,101.9702086,56.0,24.31,239.9588816,2.862048949,3,-0.144050083
223,879,562.56,20,14.83715,83.4421257,72.0,19.448,259.9671053,2.250081889,3,2.574456388
224,1170,748.8,60,29.2314,150.7620236,16.0,53.482,259.9095395,4.06586554,3,4.054666595
225,1704,1090.56,350,192.88295,180.0455177,96.0,53.482,459.9095395,3.650213517,3,-5.85124811
226,1596,1021.44,190,144.16395,111.6911638,64.0,97.24,559.8355263,2.052394078,3,-3.725293888
227,1878,1201.92,240,42.0755,215.3232932,32.0,97.24,479.8355263,4.273827386,3,1.132061869
228,957,612.48,120,55.3625,100.1396797,56.0,29.172,259.9506579,2.70042986,3,-0.376665055
229,3500,2240.0,720,310.03,422.9361745,104.0,140.998,839.7615132,6.345546243,0,-8.491465458
230,645,412.8,50,32.21090909,53.0,32.0,38.896,239.9342105,1.48765404,2,-0.598684211
231,654,418.56,40,46.10186364,61.0,32.0,38.896,239.9342105,1.712205593,2,-0.598684211
232,590,377.6,40,44.29,59.0,24.0,34.034,199.9424342,1.814143713,2,0.001151316
233,918,587.52,90,27.17795455,87.0,32.0,53.482,299.9095395,2.184219483,3,-1.398190789
234,554,354.56,60,34.42540909,63.0,24.0,29.172,179.9506579,2.04190717,2,-0.999013158
235,441,282.24,70,27.58059091,57.0,24.0,14.586,119.9753289,2.262564897,2,-0.799506579
236,446,285.44,20,7.650090909,41.0,16.0,24.31,139.9588816,1.506800616,2,0.800822368
237,620,396.8,70,43.88736364,69.0,32.0,34.034,219.9424342,2.022864259,2,-1.198848684
238,342,218.88,30,2.617136364,43.0,16.0,14.586,99.97532895,1.869795881,2,0.200493421
239,546,349.44,40,32.41222727,60.0,24.0,29.172,179.9506579,1.944673495,2,0.000986842
240,1095,700.8,170,182.7969091,148.0,40.0,63.206,359.8930921,3.391931898,3,-3.597861842
241,1302,833.28,140,209.27025,79.85293591,96.0,58.344,479.9013158,1.58484605,3,-4.489670196
242,2430,1555.2,470,78.8362,147.4961885,96.0,160.446,899.7286184,2.137948277,0,-8.942538729
243,1856,1187.84,250,162.5443,171.5126738,176.0,29.172,559.9506579,3.151327228,3,-3.121239135
244,1173,750.72,230,8.437245,87.66690542,80.0,48.62,399.9177632,1.905998231,3,-3.424574971
245,587,375.68,40,12.97697,34.05380163,64.0,14.586,219.9753289,0.99827634,2,-0.175523878
246,1728,1105.92,300,240.4947,95.43079899,192.0,43.758,659.9259868,1.615150918,3,-9.055128052
247,649,415.36,70,37.42505,38.98749683,56.0,24.31,239.9588816,1.094281613,2,-1.222537667
248,1778,1137.92,300,122.6833,121.9907584,152.0,48.62,579.9177632,2.202499859,3,-5.080796912
249,1919,1228.16,260,38.75375,215.73876,96.0,63.206,499.8930921,4.195287948,3,-1.748633811
250,1404,898.56,260,189.1183,76.33240433,152.0,38.896,539.9342105,1.428271214,3,-7.656289512
251,1506,963.84,180,186.23945,107.1757466,128.0,48.62,519.9177632,2.043625691,3,-4.027002157
252,1161,743.04,140,125.56215,84.98350433,96.0,38.896,399.9342105,1.847619434,3,-2.873728091
253,1356,867.84,180,79.2791,111.5437787,56.0,72.93,439.8766447,2.312341986,3,-2.061179789
254,1007,644.48,160,56.91265,104.2529963,80.0,19.448,279.9671053,2.708988779,3,-1.455858921
255,1475,944.0,280,10.6296,157.598808,128.0,19.448,399.9671053,3.426201927,3,-2.276991771
256,1339,856.96,150,65.9921,70.41989156,72.0,82.654,519.8601974,1.342839885,3,-2.768841438
257,1778,1137.92,300,122.6833,121.9907584,152.0,48.62,579.9177632,2.202499859,3,-5.080796912
258,1249,799.36,200,17.93745,67.8796969,64.0,77.792,479.8684211,1.347258626,3,-3.453378726
259,1174,751.36,90,41.41115,104.6739926,80.0,38.896,359.9342105,2.398829551,3,0.780487581
260,1268,811.52,170,105.18875,80.5001113,104.0,48.62,459.9177632,1.632031561,3,-3.552384737
261,1549,991.36,320,56.2483,109.548683,120.0,58.344,539.9013158,2.049850234,3,-5.769321852
262,813,520.32,30,14.239235,59.43722198,48.0,38.896,279.9342105,1.544552514,3,1.22851591
263,1186,759.04,90,34.302605,154.8754567,48.0,34.034,259.9424342,4.176535463,3,3.034599297
264,1552,993.28,270,31.003,209.0,40.0,48.62,299.9177632,5.247076015,3,-1.998355263
265,763,488.32,120,17.11204545,84.0,32.0,29.172,199.9506579,2.582795561,3,-1.399013158
266,1699,1087.36,190,1.811863636,136.0,40.0,43.758,279.9259868,3.534186498,3,-3.198519737
267,1250,800.0,230,89.18395455,182.0,48.0,24.31,219.9588816,5.335471453,3,-1.799177632
268,1210,774.4,180,110.9263182,145.0,48.0,29.172,239.9506579,4.06985741,3,-1.799013158
269,580,371.2,10,33.2175,14.1310685,48.0,34.034,259.9424342,0.381073347,2,-0.420404199
270,1872,1198.08,270,239.166,121.5265423,168.0,63.206,679.8930921,2.026389802,3,-7.182251231
271,900,576.0,80,40.52535,32.06496904,88.0,38.896,379.9342105,0.71523505,3,-1.848318809
272,463,296.32,70,2.6574,41.8859952,40.0,9.724,139.9835526,1.539226377,2,-0.503716802
273,955,611.2,50,35.432,82.63768615,64.0,34.034,299.9424342,2.074585588,0,1.245016597
274,1870,1196.8,380,272.3835,101.4417798,152.0,82.654,719.8601974,1.643860438,3,-11.43086115
275,2350,1504.0,530,205.9485,257.8130012,144.0,63.206,619.8930921,4.50213569,0,-8.588208913
276,1262,807.68,180,42.29695,98.64370488,96.0,43.758,419.9259868,2.092932218,3,-2.142171393
277,1130,723.2,150,88.58,76.98178831,72.0,53.482,399.9095395,1.673706403,3,-2.740713995
278,1943,1243.52,340,101.867,257.3996798,32.0,82.654,419.8601974,5.461699647,3,-1.100962895
279,970,620.8,60,59.7915,94.31462036,72.0,24.31,279.9588816,2.45077849,3,1.097489277
280,1184,757.76,110,108.5105,51.88061293,88.0,63.206,479.8930921,1.029686486,3,-3.290848701
281,1010,646.4,80,25.46675,141.4692268,32.0,29.172,199.9506579,4.349834416,3,2.999876053
282,4860,3110.4,1050,44.29,161.7915062,488.0,213.928,2099.638158,1.535167097,0,-30.87054464
283,1734,1109.76,310,106.296,97.65486215,128.0,82.654,659.8601974,1.652875221,3,-6.862134445
284,473,302.72,20,9.7438,25.95773746,40.0,19.448,179.9671053,0.841283622,2,0.216365912
285,1033,661.12,170,70.864,55.10541238,64.0,58.344,399.9013158,1.198091547,3,-4.020817694
286,782,500.48,30,84.151,33.36323429,56.0,43.758,319.9259868,0.810990095,3,-1.005719616
287,1090,697.6,70,77.5075,39.58012307,104.0,48.62,459.9177632,0.802433798,3,-2.048077203
288,1466,938.24,210,70.864,118.3005616,64.0,77.792,479.8684211,2.347998877,3,-2.523991385
289,1961,1255.04,270,139.5135,136.6798124,72.0,58.344,419.9013158,2.900032869,3,0.73499382
290,617,394.88,60,3.76465,31.34381556,40.0,34.034,239.9424342,0.879772731,2,-0.609977014
291,749,479.36,80,70.864,43.85447438,56.0,34.034,279.9424342,1.139598075,2,-1.91600233
292,982,628.48,220,20.8163,88.21230163,96.0,14.586,299.9753289,2.214412624,3,-2.838427915
293,1486,951.04,200,34.1033,105.0818557,80.0,77.792,519.8684211,2.003794494,3,-2.251126345
294,1349,863.36,180,46.28305,155.5836327,88.0,29.172,339.9506579,3.66883456,3,0.233516139
295,1860,1190.4,400,192.6615,208.3860012,88.0,63.206,479.8930921,4.13588501,3,-6.159862215
296,1066,682.24,170,11.9583,89.49147492,72.0,38.896,339.9342105,2.110359254,3,-1.482275589
297,619,396.16,80,14.1728,41.53655991,72.0,9.724,219.9835526,1.217608254,2,-1.053080651
298,920,588.8,140,19.0447,74.60801819,112.0,4.862,299.9917763,1.872849991,3,-1.475213931
299,617,394.88,20,154.79355,22.93834923,72.0,19.448,259.9671053,0.618550447,2,-2.401486469
300,882,564.48,130,47.3903,74.85415728,48.0,38.896,279.9342105,1.945181368,3,-1.630605909
301,1198,766.72,130,60.89875,111.089953,56.0,53.482,359.9095395,2.545952332,3,-0.382069631
302,747,478.08,30,15.5015,52.41760271,64.0,24.31,259.9588816,1.413503828,2,0.995932013
303,318,203.52,30,3.9861,26.43778932,24.0,9.724,99.98355263,1.149563641,2,0.029886211
304,572,366.08,20,133.7558,20.88274977,56.0,24.31,239.9588816,0.586126604,2,-2.024202948
305,861,551.04,120,50.0477,70.29350433,48.0,38.896,279.9342105,1.826666947,3,-1.641021822
306,383,245.12,20,3.9861,13.96250217,32.0,19.448,159.9671053,0.479976611,2,-0.202610279
307,1240,793.6,150,56.36909091,196.0,56.0,14.586,199.9753289,6.026151217,3,1.800493421
308,1009,645.76,210,34.82804545,179.0,80.0,5.0,200.0,5.503135384,3,-0.4
309,726,464.64,30,64.42181818,116.0,32.0,14.586,139.9753289,4.262892735,2,2.600493421
310,2019,1292.16,360,41.87418182,199.0,80.0,102.102,619.8273026,3.475280705,3,-4.196546053
311,1556,995.84,230,102.6722727,136.0,80.0,58.344,439.9013158,2.819249044,3,-3.198026316
312,903,577.92,130,52.34272727,132.0,56.0,24.31,239.9588816,3.704910155,3,-0.399177632
313,990,633.6,40,65.9921,82.12910913,80.0,29.172,319.9506579,1.996309035,3,1.00133621
314,1363,872.32,260,41.85405,85.40600488,128.0,43.758,499.9259868,1.660763206,3,-4.887025039
315,1019,652.16,70,28.7885,69.61665085,88.0,34.034,359.9424342,1.59539698,3,0.242576995
316,1600,1024.0,330,11.9583,168.1888332,120.0,34.034,439.9424342,3.486353295,3,-3.582966402
317,1292,826.88,130,9.52235,105.7912749,104.0,38.896,419.9342105,2.244560866,3,-0.135891623
318,953,609.92,50,26.1311,36.05333963,96.0,38.896,399.9342105,0.783832715,3,-0.645452263
319,1544,988.16,290,60.2344,106.0090289,136.0,48.62,539.9177632,1.983586813,3,-5.099912825
320,610,390.4,70,50.9335,48.81981502,32.0,29.172,199.9506579,1.501090494,2,-0.942997003
321,1330,851.2,250,152.8005,114.0632183,72.0,58.344,419.9013158,2.420160493,3,-5.162176102
322,670,428.8,60,6.42205,81.55781502,16.0,29.172,159.9506579,2.803785148,2,1.47170137
323,980,627.2,230,15.72295,51.42502361,64.0,53.482,379.9095395,1.147113958,3,-4.948443831
324,1371,877.44,300,31.4459,67.52827872,96.0,72.93,539.8766447,1.263602783,3,-6.567012639
325,660,422.4,50,31.22445,50.60750271,48.0,24.31,219.9588816,1.483598275,2,0.075378125
326,1705,1091.2,220,126.2265,100.4303429,144.0,68.068,639.8848684,1.726180432,3,-4.553918704
327,670,428.8,20,77.5075,17.37714551,56.0,38.896,299.9342105,0.436252169,2,-1.34636667
328,345,220.8,50,2.2145,43.88047755,8.0,9.724,59.98355263,2.463357347,2,0.415908514
329,595,380.8,10,14.83715,27.64329683,56.0,24.31,239.9588816,0.775878266,2,0.507528758
330,610,390.4,60,50.9335,21.4156161,40.0,38.896,259.9342105,0.577525302,2,-1.881493493
331,1364,872.96,280,84.151,75.58033274,72.0,82.654,519.8601974,1.441244556,3,-6.417801232
332,260,166.4,20,33.2175,5.076154025,32.0,9.724,119.9835526,0.201486567,2,-0.967067797
333,1483,949.12,310,44.29,122.5261322,64.0,77.792,479.8684211,2.431866906,3,-4.684698918
334,450,288.0,40,31.22445,21.54214977,32.0,24.31,179.9588816,0.698191508,2,-0.838280645
335,370,236.8,10,44.29,12.02327167,48.0,9.724,159.9835526,0.41329215,2,-0.616297996
336,1164,744.96,120,0.68665,123.0606578,56.0,43.758,320.0,2.991345915,3,1.130955747
337,2820,1804.8,460,88.6,322.1284826,24.0,160.446,720.0,5.220557757,0,-1.91917369
338,1388,888.32,190,1.17395,173.7189712,32.0,58.344,320.0,4.222905856,3,1.195261751
339,1260,806.4,250,27.5546,125.9555755,72.0,43.758,360.0,2.886575747,3,-2.807544523
340,1970,1260.8,320,127.584,224.302459,24.0,106.964,500.0,4.362141847,3,-2.147693782
341,1215,777.6,240,69.7725,97.37056424,80.0,48.62,400.0,2.116969024,3,-4.545336439
342,2430,1555.2,380,170.7765,273.3512098,96.0,87.516,600.0,4.852562282,0,-2.102619292
343,3814,2440.96,630,287.2810455,426.0,112.0,136.136,839.7697368,6.391483222,0,-9.995394737
344,462,295.68,50,44.49131818,44.0,16.0,34.034,179.9424342,1.426126483,2,-0.998848684
345,425,272.0,40,34.82804545,36.0,16.0,29.172,159.9506579,1.237603843,2,-0.599013158
346,340,217.6,40,76.29959091,67.0,16.0,24.31,139.9588816,2.462332714,2,-0.199177632
347,1127,721.28,120,69.25345455,116.0,32.0,58.344,319.9013158,2.819824892,3,-0.598026316
348,1485,950.4,140,151.5925909,193.0,32.0,68.068,359.8848684,4.423313079,3,-0.397697368
349,722,462.08,50,42.47813636,72.0,24.0,34.034,199.9424342,2.213870294,2,0.201151316
350,1244,796.16,170,37.24386364,134.0,40.0,53.482,319.9095395,3.25734206,3,-0.998190789
351,1381,883.84,260,47.51109091,154.0,64.0,58.344,399.9013158,3.348239135,3,-4.398026316
352,1118,715.52,170,2.415818182,128.0,32.0,53.482,299.9095395,3.213564297,3,-0.798190789
353,1394,892.16,200,47.10845455,152.0,72.0,58.344,419.9013158,3.225092194,3,-2.198026316
354,717,458.88,140,22.34631818,61.0,40.0,38.896,259.9342105,1.645016575,2,-3.598684211
355,1510,966.4,240,130.8568182,120.0,88.0,63.206,479.8930921,2.381667667,3,-7.597861842
356,1128,721.92,210,48.92031818,111.0,56.0,43.758,319.9259868,2.698176675,3,-3.998519737
357,750,480.0,20,5.636909091,58.0,24.0,43.758,239.9259868,1.628026661,3,1.001480263
358,946,605.44,90,27.37927273,75.0,24.0,68.068,339.8848684,1.768754314,3,-1.197697368
359,2315,1481.6,340,134.8831818,256.0,112.0,43.758,459.9259868,5.190009525,0,-2.798519737
360,700,448.0,80,19.9305,61.0,24.0,43.758,239.9259868,1.712234936,2,-0.798519737
361,1780,1139.2,250,7.9722,204.088137,64.0,68.068,439.8848684,4.230779719,3,1.077676655
362,2850,1824.0,580,7.30785,264.1625851,216.0,77.792,859.8684211,3.916764593,0,-8.779302592
363,1812,1159.68,170,7.30785,142.7847594,128.0,58.344,559.9013158,2.623603938,3,-1.157527218
364,1610,1030.4,120,6.42205,205.8761231,56.0,48.62,339.9177632,4.855022145,3,3.598216649
365,2110,1350.4,390,7.9722,135.2891455,240.0,38.896,759.9342105,2.133767617,3,-8.644301687
366,2010,1286.4,480,0.66435,124.8112546,184.0,68.068,739.8848684,1.995004318,3,-9.398766863
367,870,556.8,30,26.1311,35.94681076,72.0,43.758,359.9259868,0.823807852,3,-0.19880533
368,2280,1459.2,370,21.2592,251.3515851,112.0,77.792,599.8684211,4.461961231,0,-1.892398676
369,1950,1248.0,220,19.70905,148.257707,160.0,63.206,659.8930921,2.509300378,3,-4.379773654
370,2330,1491.2,270,1.99305,175.2754183,120.0,111.826,759.8108553,2.764651726,0,-4.799977922
371,1275,816.0,90,29.2314,147.2480573,64.0,38.896,319.9342105,3.579244751,3,-0.721993372
372,5440,3481.6,1500,167.19475,597.8544632,424.0,92.378,1439.84375,6.850305768,0,-20.03074991
373,1745,1116.8,320,121.7975,163.8370391,152.0,34.034,519.9424342,3.123968335,3,-2.707125173
374,2355,1507.2,340,66.435,273.0,80.0,82.654,539.8601974,5.108508925,0,-3.797203947
375,565,361.6,40,38.04913636,89.0,48.0,4.862,139.9917763,3.196981731,2,1.200164474
376,766,490.24,20,41.27022727,39.0,40.0,24.31,199.9588816,1.199130423,3,-0.199177632
377,555,355.2,20,14.09227273,40.0,40.0,24.31,199.9588816,1.229877357,2,0.400822368
378,735,470.4,30,18.92390909,44.0,72.0,34.034,319.9424342,0.9965982,2,0.401151316
379,875,560.0,80,49.72559091,66.0,64.0,34.034,299.9424342,1.631798632,3,-0.798848684
380,2080,1331.2,370,143.7411818,163.0,120.0,82.654,639.8601974,2.801671553,3,-8.597203947
381,585,374.4,30,13.48831818,28.0,48.0,34.034,259.9424342,0.755077631,2,0.001151316
382,1285,822.4,210,102.0683182,98.0,96.0,63.206,499.8930921,1.905722546,3,-4.997861842
383,274,175.36,40,1.24012,12.31,16.0,14.586,99.97532895,0.535283425,2,-0.799506579
384,1358,869.12,130,184.6893,115.0,32.0,82.654,419.8601974,2.440156336,3,-1.397203947
385,510,326.4,10,0.4429,51.22,8.0,38.896,179.9342105,1.660178811,2,1.601315789
386,1887,1207.68,290,118.2543,197.0,32.0,106.964,519.8190789,3.756749891,3,-2.596381579
387,2880,1843.2,390,417.6547,230.0,24.0,209.066,919.6463816,3.297536161,0,-7.992927632
388,798,510.72,70,13.86277,83.0,24.0,38.896,219.9342105,2.433345977,3,1.001315789
389,793,507.52,60,159.8869,17.04,72.0,19.448,259.9671053,0.459496868,3,-2.399342105
390,4170,2668.8,790,272.8264,532.4,48.0,189.618,899.6792763,7.717317222,0,-3.993585526
391,507,324.48,50,0.4429,37.38,32.0,19.448,159.9671053,1.28497926,2,0.200657895
392,524,335.36,30,150.586,35.31,48.0,19.448,199.9671053,1.085651912,2,-1.999342105
393,503,321.92,40,4.11897,51.73,32.0,4.862,99.99177632,2.249222921,2,1.800164474
394,2410,1542.4,390,343.2475,260.4,136.0,68.068,619.8848684,4.547342085,0,-6.197697368
395,1710,1094.4,90,42.9613,263.8,8.0,72.93,320.0,6.41,3,7.2
396,433,277.12,30,24.04947,6.18,32.0,34.034,219.9424342,0.181178277,2,-1.198848684
397,390,249.6,30,20.93709091,43.0,24.0,9.724,99.98355263,1.869718983,2,-0.399671053
398,442,282.88,30,24.3595,46.0,24.0,14.586,119.9753289,1.825929566,2,0.600493421
399,540,345.6,40,60.19413636,53.0,24.0,19.448,139.9671053,1.947758208,2,0.000657895
400,1251,800.64,140,95.62613636,135.0,64.0,48.62,359.9177632,3.093885891,3,-1.598355263
401,872,558.08,80,29.49714,72.0,48.0,29.172,239.9506579,2.020894714,3,0.600986842
402,1116,714.24,120,39.19665,79.0,112.0,38.896,439.9342105,1.637590792,3,-1.398684211
403,814,520.96,90,29.40856,72.0,40.0,38.896,259.9342105,1.941658908,3,0.401315789
404,339,216.96,60,3.49891,29.0,32.0,14.586,139.9753289,1.065723184,2,-0.599506579
405,854,546.56,80,29.27569,72.0,64.0,24.31,259.9588816,1.94156677,3,0.600822368
406,1489,952.96,180,191.3328,87.0,144.0,38.896,519.9342105,1.658888588,3,-5.998684211
407,868,555.52,80,31.09158,72.0,48.0,38.896,279.9342105,1.871012428,3,0.401315789
408,809,517.76,80,77.0646,70.0,72.0,19.448,259.9671053,1.887604504,3,-0.799342105
409,3034,1941.76,670,29.19113636,523.0,152.0,53.482,599.9095395,9.283911009,0,-4.598190789
410,864,552.96,110,59.7915,97.0,80.0,34.034,339.9424342,2.287395215,3,-1.998848684
411,812,519.68,100,61.80468182,74.0,64.0,68.068,439.8848684,1.534031834,3,-3.397697368
412,1442,922.88,130,13.08568182,231.0,40.0,72.93,399.8766447,5.022513632,3,2.802467105
413,1197,766.08,130,7.851409091,138.0,24.0,111.826,519.8108553,2.63165272,3,-0.796217105
414,982,628.48,80,12.68304545,54.0,72.0,82.654,519.8601974,1.02972828,3,-2.997203947
415,388,248.32,30,5.636909091,66.0,32.0,4.862,99.99177632,2.869683217,2,0.400164474
416,1001,640.64,120,6.240863636,93.0,96.0,34.034,379.9424342,2.074417713,3,-2.598848684
417,2744,1756.16,650,60.79809091,156.0,312.0,87.516,1139.851974,2.008965759,0,-18.99703947
418,1108,709.12,110,24.3595,224.0,32.0,63.206,339.8930921,5.282615645,3,1.402138158
419,1289,824.96,160,141.3253636,168.0,80.0,72.93,499.8766447,3.267006681,3,-3.997532895
420,752,481.28,50,40.86759091,107.0,56.0,38.896,299.9342105,2.68622842,3,0.801315789
421,875,560.0,50,32.21090909,104.0,40.0,72.93,399.8766447,2.261218259,3,1.602467105
422,1118,715.52,130,35.83463636,225.0,32.0,72.93,379.8766447,5.019187102,3,3.002467105
423,509,325.76,30,8.455363636,41.0,32.0,19.448,159.9671053,1.409420804,2,0.000657895
424,1325,848.0,200,157.0281818,123.0,48.0,82.654,459.8601974,2.493815757,3,-4.797203947
425,1179,754.56,150,106.6986364,133.0,64.0,43.758,339.9259868,3.136401273,3,-2.398519737
426,1568,1003.52,200,195.2786364,209.0,96.0,9.724,279.9835526,5.430654706,3,-1.399671053
427,508,325.12,30,20.53445455,46.0,16.0,24.31,139.9588816,1.690556788,2,0.400822368
428,1242,794.88,110,33.01618182,171.0,24.0,58.344,299.9013158,4.293179914,3,1.801973684
429,1666,1066.24,230,58.38227273,231.0,24.0,68.068,339.8848684,5.447763288,3,-0.797697368
430,2950,1888.0,610,93.009,561.0,40.0,19.448,179.9671053,18.18186629,0,1.600657895
431,2080,1331.2,430,120.20306,105.0,120.0,121.55,799.7944079,1.614255525,3,-11.59588816
432,1030,659.2,130,11.64827,104.0,48.0,48.62,319.9177632,2.528053881,3,0.601644737
433,2714,1736.96,590,35.34342,199.0,120.0,145.86,899.7532895,2.884453345,0,-12.39506579
434,753,481.92,100,76.1788,42.0,88.0,19.448,299.9671053,1.054349602,3,-2.799342105
435,2016,1290.24,130,20.94917,363.0,24.0,38.896,219.9342105,10.64222397,3,11.40131579
436,1796,1149.44,310,241.07047,66.0,224.0,29.172,679.9506579,1.100467954,3,-10.39901316
437,484,309.76,50,5.53625,46.0,40.0,14.586,159.9753289,1.581260745,2,0.200493421
438,1601,1024.64,260,115.95122,56.0,200.0,34.034,639.9424342,0.962475618,3,-6.998848684
439,4534,2901.76,800,168.21342,610.0,144.0,126.412,879.7861842,8.94156278,0,-6.595723684
440,2898,1854.72,490,85.30254,395.0,56.0,97.24,539.8355263,7.391601223,0,-3.796710526
441,1544,988.16,90,143.0567,36.0,24.0,155.584,699.7368421,0.5917078,3,-4.394736842
442,1396,893.44,170,74.8501,96.42,80.0,68.068,479.8848684,1.913686367,3,-2.197697368
443,997,638.08,90,79.2791,57.48,40.0,63.206,359.8930921,1.31735301,3,-1.797861842
444,1289,824.96,250,35.8749,43.2,120.0,58.344,539.9013158,0.808348651,3,-6.798026316
445,1250,800.0,220,40.7468,77.39,80.0,53.482,419.9095395,1.642022637,3,-3.798190789
446,669,428.16,60,30.73726,16.0,48.0,43.758,299.9259868,0.401684523,2,-1.798519737
447,1565,1001.6,200,187.7896,160.0,72.0,63.206,439.8930921,3.316794584,3,-2.397861842
448,2580,1651.2,500,16.3873,283.0,40.0,126.412,619.7861842,4.942397303,0,-2.795723684
449,635,406.4,40,26.35255,48.36,32.0,34.034,219.9424342,1.417763994,2,0.201151316
450,1239,792.96,240,53.148,50.0,136.0,38.896,499.9342105,0.972267436,3,-6.198684211
451,1356,867.84,120,159.444,95.04,80.0,63.206,459.8930921,1.926859943,3,-2.397861842
452,1450,928.0,280,94.7806,57.52,72.0,102.102,599.8273026,1.02112269,3,-7.596546053
453,1036,663.04,170,17.14023,40.2,80.0,53.482,419.9095395,0.852943662,3,-3.798190789
454,950,608.0,70,26.30826,71.14,48.0,53.482,339.9095395,1.677661539,3,0.201809211
455,770,492.8,80,10.05383,62.69,56.0,24.31,239.9588816,1.759551648,3,-0.399177632
456,2480,1587.2,390,393.7381,29.37,128.0,213.928,1199.638158,0.368681185,0,-18.19276316
457,710,454.4,20,0.93009,47.84,64.0,29.172,279.9506579,1.243147293,2,1.200986842
458,423,270.72,50,8.32652,32.19,40.0,9.724,139.9835526,1.182917986,2,-0.399671053
459,654,418.56,40,32.7746,27.81,80.0,14.586,259.9753289,0.749906442,2,-0.799506579
460,1392,890.88,230,103.1957,40.0,104.0,87.516,619.8519737,0.698534984,3,-7.197039474
461,480,307.2,30,22.145,48.0,32.0,14.586,139.9753289,1.763955614,2,-0.199506579
462,941,602.24,120,23.75554545,95.0,48.0,43.758,299.9259868,2.385001854,3,-0.998519737
463,710,454.4,100,41.87418182,71.0,48.0,24.31,219.9588816,2.081420182,2,-1.199177632
464,1286,823.04,150,81.73518182,152.0,72.0,38.896,339.9342105,3.58441524,3,-1.598684211
465,752,481.28,70,21.54104545,88.0,40.0,24.31,199.9588816,2.705730185,3,-0.199177632
466,2290,1465.6,320,227.2077,147.0,200.0,87.516,859.8519737,2.179604282,0,-8.197039474
467,1414,904.96,160,73.0785,96.0,112.0,63.206,539.8930921,1.796344016,3,-2.197861842
468,2340,1497.6,280,211.2633,231.0,152.0,72.93,679.8766447,3.851847484,0,-1.997532895
469,2420,1548.8,280,366.7212,173.0,176.0,97.24,839.8355263,2.595500675,0,-7.596710526
470,771,493.44,60,26.75116,75.0,64.0,19.448,239.9671053,2.105026517,3,0.600657895
471,826,528.64,70,31.4459,81.0,64.0,24.31,259.9588816,2.184262617,3,0.600822368
472,1235,790.4,140,68.6495,70.5,96.0,68.068,519.8848684,1.344335578,3,-3.197697368
473,350,224.0,40,4.16326,29.0,32.0,9.724,119.9835526,1.151090059,2,-0.199671053
474,1126,720.64,130,26.574,55.0,96.0,53.482,459.9095395,1.115061047,3,-1.998190789
475,610,390.4,70,25.82107,29.16,64.0,24.31,259.9588816,0.786334542,2,-1.599177632
476,1120,716.8,120,13.41987,118.5,64.0,38.896,319.9342105,2.880448889,3,0.801315789
477,962,615.68,60,1.55015,75.0,88.0,29.172,339.9506579,1.768583156,3,1.000986842
478,3120,1996.8,500,420.755,212.0,192.0,150.722,1099.745066,2.779470147,0,-13.59490132
479,1465,937.6,180,91.2374,87.2,136.0,43.758,519.9259868,1.662715275,3,-3.398519737
480,1305,835.2,50,240.9376,41.3,80.0,97.24,599.8355263,0.733172427,3,-4.196710526
481,928,593.92,20,2.617136364,135.0,48.0,38.896,279.9342105,3.508148302,3,3.201315789
482,818,523.52,40,43.48472727,55.0,128.0,9.724,359.9835526,1.260356844,3,-1.599671053
483,878,561.92,40,45.09527273,40.0,80.0,43.758,379.9259868,0.892241985,3,-0.798519737
484,457,292.48,20,25.36609091,27.0,40.0,34.034,239.9424342,0.757848504,2,-0.798848684
485,627,401.28,40,21.94368182,68.0,72.0,19.448,259.9671053,1.833672946,2,0.200657895
486,795,508.8,50,15.90413636,74.0,80.0,19.448,279.9671053,1.922872021,3,2.000657895
487,891,570.24,130,45.09527273,98.0,48.0,38.896,279.9342105,2.546655804,3,-1.798684211
488,885,566.4,70,22.34631818,92.0,56.0,38.896,299.9342105,2.309654342,3,0.401315789
489,1545,988.8,180,141.728,164.0,72.0,68.068,459.8848684,3.324998486,3,-2.997697368
490,634,405.76,60,4.630318182,70.0,32.0,29.172,199.9506579,2.152329634,2,0.000986842
491,910,582.4,80,44.08868182,104.0,48.0,38.896,279.9342105,2.702573507,3,-0.798684211
492,1268,811.52,150,43.68604545,136.0,64.0,53.482,379.9095395,3.033688414,3,-1.798190789
493,817,522.88,70,67.44159091,90.0,48.0,34.034,259.9424342,2.427035242,3,-0.798848684
494,338,216.32,20,4.026363636,42.0,16.0,14.586,99.97532895,1.826312256,2,0.400493421
495,611,391.04,40,9.65522,58.16,56.0,14.586,199.9753289,1.788168137,2,0.800493421
496,1774,1135.36,200,80.6078,181.5,80.0,82.654,539.8601974,3.396316373,3,-0.397203947
497,1268,811.52,200,30.42723,77.44,136.0,24.31,439.9588816,1.605208547,3,-2.999177632
498,937,599.68,50,3.1003,146.6,40.0,14.586,159.9753289,5.039409245,3,4.000493421
499,1113,712.32,50,1.63873,161.1,16.0,43.758,219.9259868,4.723124893,3,4.801480263
500,1597,1022.08,200,40.52535,91.7,160.0,43.758,579.9259868,1.655599225,3,-2.798519737
501,2140,1369.6,390,40.3039,71.32,240.0,68.068,879.8848684,1.045371303,3,-8.797697368
502,738,472.32,50,30.64868,70.99,48.0,24.31,219.9588816,2.081127024,2,0.600822368
503,1332,852.48,140,49.1619,140.4,80.0,43.758,379.9259868,3.131769366,3,0.401480263
504,3210,2054.4,500,234.737,304.9,128.0,160.446,979.7286184,4.235226986,0,-5.794572368
505,2170,1388.8,440,66.435,183.6,192.0,48.62,679.9177632,3.061375816,3,-6.598355263
506,581,371.84,60,23.95686364,64.0,40.0,19.448,179.9671053,2.074223605,2,-0.599342105
507,638,408.32,60,6.039545455,67.0,40.0,19.448,179.9671053,2.171452837,2,0.000657895
508,1620,1036.8,200,8.858,189.0,80.0,58.344,439.9013158,3.91792698,3,-2.798026316
509,1027,657.28,100,10.46854545,108.0,56.0,34.034,279.9424342,2.806477419,3,-1.598848684
510,629,402.56,50,38.45177273,66.0,40.0,24.31,199.9588816,2.029297639,2,0.000822368
511,388,248.32,30,1.207909091,37.0,24.0,14.586,119.9753289,1.468682477,2,0.200493421
512,904,578.56,30,29.14282,96.0,80.0,19.448,279.9671053,2.494536676,3,2.400657895
513,684,437.76,30,9.96525,81.0,56.0,4.862,159.9917763,2.784250798,2,2.200164474
514,1055,675.2,80,16.16585,70.0,104.0,34.034,399.9424342,1.521848642,3,0.201151316
515,2680,1715.2,530,46.0616,221.0,256.0,34.034,779.9424342,3.440591902,0,-5.398848684
516,1790,1145.6,270,77.5075,89.0,144.0,87.516,719.8519737,1.442250077,3,-5.997039474
517,2600,1664.0,380,106.7389,209.0,184.0,92.378,839.84375,3.135589509,0,-4.396875
518,1241,794.24,60,28.83279,69.0,112.0,53.482,499.9095395,1.341762169,3,0.201809211
519,2020,1292.8,260,140.8422,114.0,184.0,63.206,719.8930921,1.847323743,3,-4.797861842
520,1054,674.56,120,28.30131,78.0,88.0,38.896,379.9342105,1.73985304,3,-0.998684211
521,3120,1996.8,530,232.5225,322.0,224.0,58.344,799.9013158,4.950052785,0,-5.798026316
522,2500,1600.0,490,83.2652,109.0,304.0,38.896,919.9342105,1.562500903,0,-9.798684211
523,2050,1312.0,240,131.0984,145.0,216.0,38.896,699.9342105,2.382931486,3,-3.598684211
524,1556,995.84,250,74.4072,190.0,88.0,43.758,399.9259868,4.130816969,3,-1.198519737
525,1126,720.64,70,23.73944,82.0,72.0,58.344,419.9013158,1.739852368,3,0.801973684
526,650,416.0,50,7.75075,31.0,104.0,9.724,299.9835526,0.778189086,2,-0.399671053
527,3070,1964.8,660,128.8839,185.0,360.0,43.758,1079.925987,2.447636362,0,-13.99851974
528,867,554.88,110,16.43159,54.0,104.0,14.586,319.9753289,1.312525279,3,-1.399506579
529,973,622.72,70,31.97738,43.0,152.0,4.862,399.9917763,0.934792218,3,-0.799835526
530,529,338.56,20,11.20537,34.0,64.0,9.724,199.9835526,1.045331268,2,0.600328947
531,1169,748.16,120,178.0458,102.98,96.0,24.31,339.9588816,2.428353206,3,-1.999177632
532,1221,781.44,150,14.65999,210.9,16.0,24.31,139.9588816,7.750835363,3,4.200822368
533,618,395.52,60,9.03516,24.11,80.0,9.724,239.9835526,0.676672669,2,-0.999671053
534,1429,914.56,170,9.07945,113.79,120.0,43.758,479.9259868,2.258338966,3,0.201480263
535,1530,979.2,230,169.1878,96.91,120.0,43.758,479.9259868,1.923329196,3,-5.598519737
536,1024,655.36,70,37.77937,107.8,72.0,24.31,279.9588816,2.80119795,3,1.600822368
537,634,405.76,80,19.57618,40.17,40.0,29.172,219.9506579,1.177636785,2,-0.799013158
538,318,203.52,20,3.221090909,42.0,40.0,5.0,100.0,1.826086957,2,1.0
539,405,259.2,30,3.623727273,53.0,24.0,9.724,99.98355263,2.304537352,2,1.400328947
540,1538,984.32,230,3.019772727,240.0,72.0,58.344,419.9013158,5.092250833,3,2.201973684
541,1798,1150.72,210,87.17077273,319.0,64.0,58.344,399.9013158,6.935638209,3,2.401973684
542,1210,774.4,170,132.4271,88.3,120.0,24.31,399.9588816,1.919663887,3,-3.199177632
543,1589,1016.96,220,32.73031,98.73,192.0,24.31,579.9588816,1.782471929,3,-2.799177632
544,2950,1888.0,470,407.0251,115.0,312.0,82.654,1119.860197,1.494129016,0,-14.19720395
545,1438,920.32,210,39.99387,103.0,112.0,53.482,499.9095395,2.002920338,3,-2.998190789
546,1868,1195.52,240,147.4857,104.43,136.0,102.102,759.8273026,1.647175957,3,-5.796546053
547,2660,1702.4,600,34.72336,254.1,160.0,92.378,779.84375,3.956152562,0,-7.996875
548,2220,1420.8,360,103.6386,239.2,152.0,48.62,579.9177632,4.31867113,3,-2.598355263
549,2450,1568.0,360,296.743,151.6,280.0,34.034,839.9424342,2.274293992,0,-8.598848684
550,3360,2150.4,610,335.2753,396.0,184.0,77.792,779.8684211,6.165335043,0,-6.797368421
551,1446,925.44,110,211.7062,59.0,160.0,48.62,599.9177632,1.047317391,3,-3.798355263
552,2770,1772.8,580,168.7449,90.0,224.0,155.584,1199.736842,1.129722233,0,-16.39473684
553,3270,2092.8,560,277.6983,216.0,288.0,82.654,1059.860197,2.884706438,0,-11.79720395
554,1330,851.2,200,24.40379,111.11,80.0,58.344,439.9013158,2.303285009,3,-2.598026316
555,2340,1497.6,190,313.5732,439.5,48.0,19.448,199.9671053,13.51299959,0,7.200657895
556,1257,804.48,160,143.9425,155.88,32.0,58.344,319.9013158,3.789261243,3,-0.998026316
557,2200,1408.0,400,12.4012,180.4,200.0,34.034,639.9424342,3.100546455,3,-5.398848684
558,639,408.96,60,4.73903,71.69,32.0,19.448,159.9671053,2.46442384,2,0.800657895
559,1594,1020.16,330,86.3655,175.5,104.0,38.896,419.9342105,3.723562574,3,-4.798684211
560,1750,1120.0,170,70.4211,309.0,40.0,29.172,219.9506579,9.058744502,3,7.000986842
561,1249,799.36,80,33.43895,251.6,24.0,19.448,139.9671053,9.246338965,3,7.000657895
562,1981,1267.84,260,237.8373,110.0,96.0,126.412,759.7861842,1.735078599,3,-7.195723684
563,1055,675.2,110,19.0447,119.03,40.0,43.758,279.9259868,3.093192786,3,1.001480263
564,1001,640.64,60,162.5443,24.81,136.0,29.172,459.9506579,0.502971418,3,-3.799013158
565,1686,1079.04,340,6.86495,81.0,232.0,24.31,679.9588816,1.35056614,3,-7.999177632
566,314,200.96,40,1.90447,25.21,32.0,9.724,119.9835526,1.000654496,2,-0.399671053
567,569,364.16,60,11.0725,17.14,24.0,38.896,219.9342105,0.502500603,2,-1.398684211
568,2900,1856.0,570,24.22663,322.8,160.0,87.516,759.8519737,5.091446587,0,-3.797039474
569,1438,920.32,230,37.77937,104.66,144.0,29.172,479.9506579,2.077086575,3,-2.999013158
570,2390,1529.6,570,36.71641,138.6,240.0,63.206,859.8930921,2.055006331,0,-10.59786184
571,1545,988.8,290,33.48324,108.67,144.0,38.896,519.9342105,2.072085321,3,-4.798684211
572,1365,873.6,140,196.6476,53.39,128.0,68.068,599.8848684,0.947759467,3,-5.797697368
573,2049,1311.36,540,11.38253,265.8,48.0,92.378,499.84375,5.169041364,3,-5.796875
574,365,233.6,30,2.08163,23.98,40.0,4.862,119.9917763,0.951799783,2,0.000164474
575,1165,745.6,130,140.3993,109.95,64.0,48.62,359.9177632,2.519798175,3,-2.398355263
576,2470,1580.8,570,39.37381,280.8,72.0,102.102,599.8273026,4.984896579,0,-5.996546053
577,826,528.64,100,42.69556,35.94,72.0,38.896,339.9342105,0.847525551,3,-2.398684211
578,2270,1452.8,260,156.3437,346.3,72.0,48.62,379.9177632,7.724668585,0,3.801644737
579,1483,949.12,190,145.7141,101.33,152.0,34.034,519.9424342,1.932113233,3,-4.198848684
580,1839,1176.96,280,19.84192,249.1,64.0,58.344,399.9013158,5.41588551,3,1.201973684
581,1503,961.92,280,79.722,132.2,72.0,72.93,479.8766447,2.623848844,3,-4.597532895
582,683,437.12,40,2.34737,70.22,24.0,34.034,199.9424342,2.1591385,2,1.601151316
583,3180,2035.2,570,369.3786,257.0,104.0,145.86,859.7532895,3.810819372,0,-9.995065789
584,1998,1278.72,440,180.7032,56.35,152.0,116.688,859.8026316,0.835538949,3,-13.99605263
585,1858,1189.12,410,33.39466,74.13,192.0,58.344,719.9013158,1.20123971,3,-9.798026316
586,1936,1239.04,350,175.3884,102.3,96.0,131.274,779.7779605,1.592803934,3,-9.795559211
587,614,392.96,30,6.15631,81.63,24.0,19.448,139.9671053,2.999915142,2,2.200657895
588,954,610.56,40,23.65086,150.4,16.0,53.482,259.9095395,4.056102211,3,4.401809211
589,4350,2784.0,870,643.9766,283.5,384.0,116.688,1439.802632,3.248431743,0,-23.79605263
590,1610,1030.4,200,96.1093,142.9,72.0,82.654,519.8601974,2.724966133,3,-2.197203947
591,2060,1318.4,300,49.1619,239.8,16.0,111.826,499.8108553,4.663570008,3,0.203782895
592,1168,747.52,130,11.60398,167.4,24.0,38.896,219.9342105,4.907736344,3,2.801315789
593,1233,789.12,130,107.1818,96.56,88.0,63.206,479.8930921,1.916448583,3,-1.997861842
594,904,578.56,80,44.08868182,168.0,32.0,53.482,299.9095395,4.217803139,3,0.201809211
595,803,513.92,40,1.610545455,127.0,48.0,38.896,279.9342105,3.300258032,3,1.601315789
596,725,464.0,30,44.69263636,86.0,40.0,58.344,339.9013158,2.028122543,2,0.401973684
597,952,609.28,140,59.99281818,132.0,40.0,82.654,439.8601974,2.736457849,3,-2.797203947
598,737,471.68,70,15.70281818,97.0,40.0,48.62,299.9177632,2.435245806,2,0.601644737
599,696,445.44,90,22.54763636,90.0,80.0,9.724,239.9835526,2.525945258,2,-0.199671053
600,489,312.96,20,11.67645455,50.0,16.0,43.758,219.9259868,1.465898477,2,0.401480263
601,710,454.4,50,13.68963636,81.0,32.0,48.62,279.9177632,2.10495082,2,0.001644737
602,351,224.64,40,4.026363636,53.0,16.0,19.448,119.9671053,2.103860519,2,0.000657895
603,567,362.88,40,29.79509091,104.0,24.0,24.31,159.9588816,3.575208085,2,1.600822368
604,1068,683.52,150,159.444,112.0,48.0,82.654,459.8601974,2.270791584,3,-5.797203947
605,1521,973.44,50,33.57182,67.0,88.0,97.24,619.8355263,1.170061621,3,0.803289474
606,2070,1324.8,310,84.151,112.0,104.0,126.412,779.7861842,1.743823068,3,-5.395723684
607,1625,1040.0,260,74.8501,142.0,160.0,24.31,499.9588816,2.761171388,3,-2.999177632
608,840,537.6,80,3.18888,73.0,72.0,19.448,259.9671053,1.968501839,3,0.400657895
609,675,432.0,40,19.39902,33.0,96.0,4.862,259.9917763,0.889828473,2,-0.199835526
610,1098,702.72,90,28.74421,96.0,104.0,14.586,319.9753289,2.333378274,3,1.000493421
611,627,401.28,40,13.95135,28.0,96.0,4.862,259.9917763,0.755005977,2,-0.599835526
612,1123,718.72,260,150.586,120.0,88.0,19.448,299.9671053,3.012427434,3,-4.799342105
613,885,566.4,30,9.87667,107.0,40.0,29.172,219.9506579,3.136846802,3,2.800986842
614,820,524.8,70,38.79804,40.0,104.0,14.586,319.9753289,0.972240948,3,-1.199506579
615,1430,915.2,170,29.6743,98.0,136.0,34.034,479.9424342,1.944928609,3,-0.998848684
616,1145,732.8,140,40.7468,75.0,112.0,29.172,399.9506579,1.630535353,3,-1.599013158
617,1255,803.2,130,28.38989,123.0,88.0,43.758,399.9259868,2.674160459,3,0.801480263
618,702,449.28,70,29.76288,45.0,88.0,9.724,259.9835526,1.213421654,2,-0.999671053
619,1216,778.24,200,7.70646,95.0,160.0,9.724,439.9835526,1.969144325,3,-2.799671053
620,1299,831.36,160,26.574,61.0,96.0,68.068,519.8848684,1.163183975,3,-2.597697368
621,1123,718.72,260,150.586,120.0,88.0,19.448,299.9671053,3.012427434,3,-4.799342105
622,1206,771.84,210,17.89316,55.0,104.0,72.93,559.8766447,1.010621837,3,-3.997532895
623,900,576.0,50,22.05642,72.0,80.0,24.31,299.9588816,1.807481237,3,1.000822368
624,1290,825.6,290,139.9564,105.0,48.0,63.206,379.8930921,2.34223661,3,-5.197861842
625,1120,716.8,60,131.5413,77.0,112.0,29.172,399.9506579,1.674016296,3,-0.999013158
626,998,638.72,70,32.86318,42.0,96.0,43.758,419.9259868,0.891117718,3,-0.798519737
627,832,532.48,40,19.66476,97.0,24.0,34.034,199.9424342,2.982575257,3,2.801151316
628,958,613.12,200,130.8568182,122.0,72.0,38.896,339.9342105,2.876964863,3,-5.198684211
629,554,354.56,110,5.636909091,45.0,32.0,38.896,239.9342105,1.263102486,2,-2.798684211
630,1870,1196.8,90,1.409227273,291.0,56.0,14.586,199.9753289,8.946989817,3,4.200493421
631,752,481.28,130,91.80109091,145.0,80.0,19.448,279.9671053,3.767789771,3,-1.599342105
632,1430,915.2,240,126.0251818,108.0,104.0,72.93,559.8766447,1.984493788,3,-7.397532895
633,2430,1555.2,300,112.4966,204.5,168.0,82.654,759.8601974,3.22551175,0,-3.997203947
634,1126,720.64,130,26.574,55.0,96.0,53.482,459.9095395,1.115061047,3,-1.998190789
635,2350,1504.0,340,114.7111,125.0,144.0,131.274,899.7779605,1.811817714,0,-7.595559211
636,1520,972.8,200,96.1093,136.0,120.0,43.758,479.9259868,2.69913085,3,-2.198519737
637,2300,1472.0,460,12.4012,272.0,96.0,92.378,619.84375,4.750069399,0,-3.396875
639,1235,790.4,140,68.6495,70.5,96.0,68.068,519.8848684,1.344335578,3,-3.197697368
640,1013,648.32,80,18.6018,66.6,64.0,58.344,399.9013158,1.448004717,3,-0.598026316
641,1120,716.8,120,13.41987,118.5,64.0,38.896,319.9342105,2.880448889,3,0.801315789
642,1860,1190.4,200,205.0627,168.7,128.0,68.068,599.8848684,2.994699795,3,-2.997697368
643,2180,1395.2,270,71.3069,313.0,56.0,77.792,459.8684211,6.345994738,3,3.202631579
644,1630,1043.2,150,64.6634,156.0,88.0,82.654,559.8601974,2.866533132,3,0.602796053
645,1414,904.96,160,73.0785,96.0,112.0,63.206,539.8930921,1.796344016,3,-2.197861842
646,2740,1753.6,490,125.3407,156.0,312.0,34.034,919.9424342,2.23622983,0,-9.798848684
648,2090,1337.6,270,5.53625,320.0,48.0,58.344,359.9013158,7.333823016,3,5.001973684
649,2240,1433.6,440,32.3317,247.6,104.0,82.654,599.8601974,4.395393699,3,-3.397203947
650,2470,1580.8,410,241.8234,173.0,176.0,97.24,839.8355263,2.595500675,0,-9.996710526
651,1165,745.6,170,130.2126,120.0,24.0,72.93,359.8766447,2.750277898,3,-3.797532895
652,1628,1041.92,280,215.6923,111.39,112.0,68.068,559.8848684,2.046769811,3,-6.997697368
653,490,313.6,40,2.2145,40.41,40.0,19.448,179.9671053,1.309677748,2,0.400657895
654,631,403.84,50,30.33865,39.15,64.0,24.31,259.9588816,1.055726931,2,-0.599177632
655,1407,900.48,240,15.98869,108.73,96.0,48.62,439.9177632,2.253906016,3,-2.798355263
656,1158,741.12,160,13.55274,91.29,56.0,68.068,419.8848684,1.937002847,3,-1.397697368
657,1714,1096.96,240,40.48106,118.25,144.0,48.62,559.9177632,2.172757164,3,-3.198355263
658,2030,1299.2,470,32.73031,279.0,1.2,77.792,322.8684211,6.75092965,3,-2.457368421
659,1583,1013.12,320,2.83456,111.63,112.0,48.62,479.9177632,2.215489399,3,-4.998355263
660,362,231.68,20,38.00082,14.02,56.0,4.862,159.9917763,0.481916002,2,-0.799835526
661,744,476.16,90,21.43636,59.75,40.0,38.896,259.9342105,1.611307219,2,-0.798684211
662,1352,865.28,260,172.731,42.0,120.0,68.068,579.8848684,0.758316605,3,-8.597697368
663,1273,814.72,190,40.70251,135.0,64.0,43.758,339.9259868,3.183565202,3,-0.598519737
664,650,416.0,30,13.287,68.0,40.0,19.448,179.9671053,2.203862581,2,1.600657895
665,737,471.68,50,16.16585,39.0,80.0,19.448,279.9671053,1.013405525,2,-0.399342105
666,511,327.04,50,89.4658,23.0,48.0,19.448,199.9671053,0.707164939,2,-1.999342105
667,1488,952.32,240,53.148,159.0,72.0,48.62,379.9177632,3.546700274,3,-1.598355263
668,392,250.88,40,2.74598,23.0,48.0,4.862,139.9917763,0.845179078,2,-0.199835526
669,790,505.6,80,39.65968182,88.0,48.0,29.172,239.9506579,2.469982428,3,-0.799013158
670,679,434.56,60,42.67945455,71.0,32.0,24.31,179.9588816,2.301144389,2,-0.799177632
671,943,603.52,110,43.88736364,102.0,56.0,34.034,279.9424342,2.650562006,3,-1.798848684
672,1834,1173.76,230,44.29,209.0,80.0,68.068,479.8848684,4.148106729,3,-1.597697368
673,1218,779.52,170,44.89395455,137.0,64.0,43.758,339.9259868,3.230729131,3,-2.998519737
674,778,497.92,70,31.003,78.0,48.0,29.172,239.9506579,2.189302607,3,-0.599013158
675,838,536.32,20,108.5105,61.85,72.0,29.172,299.9506579,1.552697875,3,0.000986842
676,1298,830.72,260,29.58572,92.87,112.0,38.896,439.9342105,1.925101985,3,-4.198684211
677,851,544.64,40,4.11897,69.0,32.0,53.482,299.9095395,1.732312004,3,1.401809211
678,1743,1115.52,330,10.23099,90.0,136.0,77.792,659.8684211,1.52330196,3,-6.997368421
679,902,577.28,100,37.15931,70.59,80.0,24.31,299.9588816,1.772084729,3,-0.999177632
680,855,547.2,10,16.29872,47.59,48.0,53.482,339.9095395,1.12229284,3,1.201809211
681,2340,1497.6,360,125.7836,380.4,72.0,29.172,299.9506579,9.549656775,0,3.000986842
682,796,509.44,30,73.9643,25.0,80.0,34.034,339.9424342,0.589534849,3,-1.198848684
683,1890,1209.6,360,97.438,19.0,96.0,155.584,879.7368421,0.278515503,3,-11.59473684
684,989,632.96,130,12.4012,80.0,56.0,38.896,299.9342105,2.00839508,3,-0.998684211
685,1339,856.96,230,31.93309,56.17,112.0,63.206,539.8930921,1.051048369,3,-4.797861842
686,832,532.48,140,38.62088,40.15,88.0,34.034,359.9424342,0.920113047,3,-3.198848684
687,899,575.36,100,26.79545,67.89,72.0,29.172,299.9506579,1.704327546,3,-0.799013158
688,2060,1318.4,280,234.737,115.32,80.0,140.998,779.7615132,1.795543371,3,-7.595230263
689,1482,948.48,250,31.13587,42.0,104.0,92.378,639.84375,0.721912378,3,-7.796875
690,205,131.2,20,4.8719,9.0,40.0,4.862,119.9917763,0.357222604,1,-0.399835526
691,746,477.44,60,90.3516,28.68,64.0,38.896,319.9342105,0.697141554,2,-2.398684211
692,1076,688.64,90,13.19842,27.84,80.0,68.068,479.8848684,0.552551633,3,-2.197697368
693,1405,899.2,230,75.293,82.0,48.0,97.24,519.8355263,1.563698567,3,-4.396710526
694,268,171.52,20,42.0755,9.0,32.0,9.724,119.9835526,0.357234846,2,-0.999671053
695,1921,1229.44,390,46.0616,118.0,88.0,111.826,679.8108553,1.96770561,3,-7.196217105
696,620,396.8,20,19.26615,26.71,64.0,24.31,259.9588816,0.720267339,2,0.000822368
697,546,349.44,40,33.17321,12.38,80.0,9.724,239.9835526,0.347457803,2,-1.599671053
698,809,517.76,120,7.21927,83.0,56.0,24.31,239.9588816,2.329602597,3,-0.599177632
699,1131,723.84,150,65.9921,98.0,80.0,38.896,359.9342105,2.245880665,3,-1.798684211
700,1125,720.0,160,63.91047,97.0,96.0,29.172,359.9506579,2.222912727,3,-1.999013158
701,1824,1167.36,270,77.5075,194.0,72.0,82.654,519.8601974,3.699394191,3,-1.797203947
702,509,325.76,50,3.41033,45.0,56.0,9.724,179.9835526,1.458371833,2,0.200328947
703,1157,740.48,90,5.44767,136.0,56.0,38.896,299.9342105,3.414271636,3,2.801315789
704,1054,674.56,180,6.51063,71.0,136.0,14.586,399.9753289,1.543525862,3,-2.799506579
705,3689,2360.96,680,307.2115455,547.0,72.0,92.378,559.84375,10.05138882,0,-3.796875
706,2523,1614.72,390,149.1767727,291.0,104.0,106.964,699.8190789,4.782690349,0,-5.796381579
707,704,450.56,80,17.91731818,95.0,64.0,19.448,239.9671053,2.666366922,2,0.800657895
708,2446,1565.44,400,11.27381818,144.0,176.0,136.136,999.7697368,1.98008878,0,-8.395394737
709,1414,904.96,240,39.65968182,124.0,72.0,68.068,459.8848684,2.514023246,3,-3.197697368
710,1187,759.68,120,38.45177273,221.0,40.0,34.034,239.9424342,6.203130351,3,4.401151316
711,571,365.44,50,34.82804545,19.0,72.0,29.172,299.9506579,0.476980754,2,-1.799013158
712,1310,838.4,190,120.7909091,191.0,72.0,34.034,319.9424342,4.642689175,3,-1.198848684
713,957,612.48,130,43.88736364,89.0,64.0,43.758,339.9259868,2.098794837,3,-2.398519737
714,1109,709.76,230,28.38586364,145.0,72.0,29.172,299.9506579,3.640116278,3,-2.399013158
715,1114,712.96,150,65.62972727,145.0,64.0,38.896,319.9342105,3.524599907,3,-0.598684211
716,989,632.96,130,43.88736364,66.0,88.0,38.896,379.9342105,1.472183342,3,-2.798684211
717,1603,1025.92,280,143.3385455,123.0,80.0,97.24,599.8355263,2.183540157,3,-8.996710526
718,1076,688.64,130,44.08868182,126.0,64.0,24.31,259.9588816,3.397741848,3,-0.399177632
719,1677,1073.28,290,100.4577727,192.0,80.0,68.068,479.8848684,3.810700918,3,-3.997697368
720,1352,865.28,190,45.49790909,99.0,96.0,82.654,579.8601974,1.787498595,3,-4.397203947
721,2210,1414.4,370,153.6057727,251.0,96.0,63.206,499.8930921,4.880983255,3,-1.597861842
722,638,408.32,40,18.52127273,85.0,24.0,34.034,199.9424342,2.613596875,2,1.001151316
723,1950,1248.0,300,17.14023,245.0,88.0,77.792,539.8684211,4.584524374,3,1.002631579
724,1989,1272.96,470,14.1728,134.5,160.0,82.654,739.8601974,2.149906716,3,-9.997203947
725,2580,1651.2,430,155.015,140.0,216.0,121.55,1039.794408,1.887671683,0,-9.595888158
726,1798,1150.72,190,110.725,175.1,104.0,72.93,559.8766447,3.217452429,3,0.002467105
727,1220,780.8,80,28.3456,40.0,96.0,68.068,519.8848684,0.76274359,3,-2.197697368
728,2120,1356.8,390,47.21314,161.8,208.0,48.62,719.9177632,2.621858422,3,-8.198355263
729,1340,857.6,170,132.87,102.9,176.0,24.31,539.9588816,1.925338938,3,-3.399177632
730,1902,1217.28,390,29.05424,112.3,208.0,48.62,719.9177632,1.819744752,3,-7.198355263
731,1402,897.28,150,10.40815,96.41,152.0,19.448,459.9671053,1.954478331,3,-0.799342105
732,1562,999.68,240,97.438,40.25,168.0,72.93,719.8766447,0.652242369,3,-6.997532895
733,2410,1542.4,250,88.58,157.0,184.0,126.412,979.7861842,2.180751404,0,-4.195723684
734,1720,1100.8,230,106.296,108.0,184.0,48.62,659.9177632,1.827894012,3,-4.398355263
735,1675,1072.0,240,97.438,116.96,176.0,38.896,599.9342105,2.076145134,3,-3.998684211
736,1432,916.48,220,23.60657,145.2,88.0,58.344,459.9013158,2.943787483,3,-1.798026316
737,1098,702.72,120,12.8441,79.29,88.0,38.896,379.9342105,1.768627533,3,-1.398684211
738,1477,945.28,220,6.442181818,171.0,24.0,72.93,359.8766447,3.919146004,3,0.602467105
739,823,526.72,50,97.438,70.0,16.0,53.482,259.9095395,1.887813529,3,-0.198190789
740,745,476.8,70,41.47154545,65.0,16.0,48.62,239.9177632,1.824543906,2,0.001644737
741,433,277.12,40,15.90413636,31.0,16.0,29.172,159.9506579,1.065714421,2,-0.199013158
742,710,454.4,50,4.026363636,129.0,32.0,5.0,82.87828947,6.160862054,2,3.742434211
743,850,544.0,80,45.90054545,70.0,32.0,48.62,279.9177632,1.819093301,3,-0.198355263
744,1428,913.92,150,140.3187727,136.0,40.0,77.792,419.8684211,2.88572184,3,-1.197368421
745,893,571.52,70,132.2660455,71.0,24.0,58.344,299.9013158,1.782548385,3,-1.398026316
746,1307,836.48,170,23.55422727,136.0,32.0,68.068,359.8848684,3.116946004,3,0.202302632
747,443,283.52,70,46.411491,16.97,64.0,4.862,179.9917763,0.549955658,2,-1.999835526
748,1032,660.48,140,95.53353,83.17,88.0,19.448,299.9671053,2.087863247,3,-2.199342105
749,1373,878.72,110,76.53312,83.67,88.0,68.068,499.8848684,1.627072622,3,-1.197697368
750,388,248.32,20,0.296743,16.53,24.0,24.31,159.9588816,0.568251824,2,0.000822368
751,3666,2346.24,480,535.909,396.6,56.0,204.204,979.6546053,5.509198006,0,-6.393092105
752,882,564.48,30,20.174095,88.89,24.0,43.758,239.9259868,2.495091205,3,2.401480263
753,805,515.2,80,140.17785,20.9,72.0,19.448,259.9671053,0.563584773,3,-2.199342105
754,4340,2777.6,790,210.20034,748.1,8.0,131.274,559.7779605,13.7475061,0,5.204440789
755,687,439.68,40,0.713069,44.94,56.0,19.448,219.9671053,1.317426401,2,1.000657895
756,1242,794.88,150,98.7667,81.1,104.0,48.62,459.9177632,1.644193498,3,-2.598355263
757,1638,1048.32,340,0.097438,178.8,56.0,48.62,339.9177632,4.216506249,3,-0.998355263
758,1414,904.96,70,0.150586,161.3,64.0,48.62,359.9177632,3.696620698,3,4.801644737
759,1565,1001.6,190,162.27856,273.7,8.0,43.758,199.9259868,8.416128101,3,2.601480263
760,1600,1024.0,120,52.12933,282.3,24.0,29.172,179.9506579,9.149688794,3,7.600986842
761,647,414.08,20,15.802672,10.48,72.0,24.31,279.9588816,0.272324253,2,-0.399177632
762,565,361.6,70,23.95686364,16.0,64.0,29.172,279.9506579,0.415768326,2,-2.599013158
763,372,238.08,60,24.76213636,27.0,16.0,34.034,179.9424342,0.875123069,2,-0.998848684
764,261,167.04,40,14.09227273,14.0,56.0,5.0,140.0,0.51444172,2,-0.8
765,1261,807.04,260,44.89395455,28.0,64.0,102.102,579.8273026,0.505569498,3,-7.596546053
766,1271,813.44,160,57.1341,101.23,96.0,38.896,399.9342105,2.200833171,3,-1.598684211
767,443,283.52,50,2.83456,30.74,48.0,9.724,159.9835526,1.056667522,2,-0.199671053
768,1625,1040.0,190,162.1014,193.6,88.0,38.896,379.9342105,4.318404469,3,0.001315789
769,557,356.48,80,2.43595,56.79,40.0,14.586,159.9753289,1.952169516,2,-0.199506579
770,907,580.48,160,48.719,70.19,56.0,34.034,279.9424342,1.823950463,3,-2.398848684
771,1555,995.2,140,190.447,88.0,184.0,24.31,559.9588816,1.616876196,3,-3.799177632
772,1549,991.36,170,54.4767,119.0,64.0,82.654,499.8601974,2.314167804,3,-0.997203947
773,1205,771.2,140,50.0477,114.0,88.0,34.034,359.9424342,2.612525214,3,-0.198848684
774,810,518.4,40,40.86759091,15.0,32.0,72.93,379.8766447,0.334612473,3,-2.197532895
775,817,522.88,110,45.90054545,29.0,56.0,48.62,339.9177632,0.683885242,3,-2.798355263
776,847,542.08,110,45.69922727,30.0,48.0,53.482,339.9095395,0.70747605,3,-2.798190789
777,395,252.8,50,6.442181818,25.0,32.0,24.31,179.9588816,0.810262109,2,-0.599177632
778,1156,739.84,250,3.221090909,33.0,32.0,106.964,519.8190789,0.629303281,3,-5.996381579
779,774,495.36,80,20.13181818,28.0,40.0,82.654,439.8601974,0.580460756,3,-2.197203947
780,455,291.2,50,7.046136364,23.0,72.0,9.724,219.9835526,0.674225066,2,-0.799671053
781,708,453.12,120,43.88736364,24.0,64.0,29.172,279.9506579,0.623652488,2,-3.199013158
782,1599,1023.36,400,43.68604545,51.0,120.0,92.378,679.84375,0.85042846,3,-11.196875
783,866,554.24,100,12.88436364,37.0,56.0,63.206,399.8930921,0.804455337,3,-1.997861842
784,809,517.76,120,43.48472727,23.0,40.0,48.62,299.9177632,0.577429418,3,-3.598355263
785,519,332.16,80,26.17136364,24.0,64.0,19.448,239.9671053,0.673608486,2,-1.999342105
786,842,538.88,60,23.35290909,25.0,8.0,82.654,359.8601974,0.572987656,3,-1.197203947
787,1490,953.6,200,13.48831818,94.0,40.0,82.654,439.8601974,1.94868968,3,-2.197203947
788,537,343.68,50,10.06590909,54.0,64.0,9.724,200.0,1.660232015,2,0.000328947
789,1490,953.6,170,128.0383636,135.0,80.0,102.102,620.0,2.357602488,3,-3.596546053
790,1585,1014.4,70,142.1306364,85.0,136.0,53.482,560.0,1.56182423,3,-3.398190789
791,1532,980.48,90,136.6950455,166.0,96.0,9.724,280.0,4.313342972,3,0.800328947
792,736,471.04,60,0.805272727,110.0,48.0,24.31,219.9753289,3.224735494,2,2.400822368
793,2065,1321.6,240,82.33913636,254.0,56.0,126.412,660.0,4.299364558,3,0.004276316
794,1690,1081.6,360,34.82804545,125.0,72.0,116.688,659.8026316,2.115802643,3,-8.796052632
795,1802,1153.28,380,69.0924,202.0,80.0,48.62,399.9177632,4.391755826,3,-4.798355263
796,2134,1365.76,400,173.1739,86.0,232.0,68.068,859.8848684,1.275118251,3,-11.59769737
797,2486,1591.04,500,120.9117,255.0,144.0,72.93,659.8766447,4.315995326,0,-6.997532895
798,9499,6079.36,2480,119.583,732.0,640.0,457.028,3479.226974,5.395626316,0,-59.58453947
799,915,585.6,150,80.1649,47.0,112.0,19.448,359.9671053,1.077056818,3,-4.399342105
800,3491,2234.24,570,114.2682,630.0,56.0,68.068,419.8848684,13.36742024,0,8.002302632
801,760,486.4,50,124.4549,39.0,104.0,9.724,299.9835526,0.979012076,3,-2.399671053
802,2092,1338.88,330,93.4519,191.0,160.0,43.758,579.9259868,3.448412782,3,-3.398519737
803,1588,1016.32,280,92.5661,99.0,96.0,68.068,519.8848684,1.887790386,3,-5.197697368
804,3325,2128.0,580,335.7182,513.0,112.0,92.378,659.84375,8.682983493,0,-4.796875
805,1723,1102.72,110,5.93486,345.0,16.0,29.172,159.9506579,11.86037017,3,7.800986842
806,1334,853.76,150,30.47152,94.0,120.0,38.896,459.9342105,1.905689585,3,-0.998684211
807,1030,659.2,70,54.29954,54.33,128.0,19.448,399.9671053,1.181135524,3,-1.199342105
808,1079,690.56,120,47.70033,28.53,128.0,38.896,479.9342105,0.566217231,3,-3.198684211
809,1422,910.08,210,42.0755,97.0,184.0,9.724,499.9835526,1.886105751,3,-2.999671053
810,1879,1202.56,260,150.80745,65.7,192.0,72.93,779.8766447,1.022879739,3,-7.397532895
811,919,588.16,30,37.07073,28.51,144.0,14.586,419.9753289,0.604863658,3,-0.599506579
812,1561,999.04,160,69.9782,145.7,152.0,19.448,459.9671053,2.953713233,3,0.200657895
813,2383,1525.12,430,10.89534,260.0,136.0,58.344,579.9013158,4.694274319,0,-0.598026316
814,717,458.88,20,21.12633,53.96,88.0,9.724,259.9835526,1.455027387,2,1.200328947
815,458,293.12,50,7.21927,30.58,40.0,14.586,159.9753289,1.051194643,2,-0.399506579
816,1163,744.32,100,51.02208,96.0,112.0,24.31,379.9588816,2.141288067,3,0.1
817,1589,1016.96,250,59.57005,60.76,184.0,48.62,659.9177632,1.028359631,3,-5.798355263
818,1150,736.0,160,83.17662,57.0,160.0,14.586,459.9753289,1.155526076,3,-3.399506579
819,963,616.32,50,16.60875,54.0,80.0,43.758,379.9259868,1.204526679,3,0.401480263
820,946,605.44,70,15.63437,72.92,16.0,68.068,319.8848684,1.772645838,3,0.402302632
821,2153,1377.92,300,233.45259,234.0,128.0,63.206,579.8930921,4.224876844,3,-3.197861842
822,815,521.6,30,21.08204,35.27,96.0,29.172,359.9506579,0.808269401,3,0.01
823,650,416.0,100,20.55056,41.68,80.0,9.724,239.9835526,1.169793315,2,-1.599671053
824,690,441.6,40,39.50668,31.03,72.0,29.172,299.9506579,0.778984884,2,-0.799013158
825,1348,862.72,110,39.59526,48.0,96.0,82.654,579.8601974,0.866665985,3,-2.597203947
826,480,307.2,60,13.287,34.0,40.0,14.586,159.9753289,1.168757942,2,-0.799506579
827,890,569.6,90,31.60695455,70.0,72.0,29.172,299.9506579,1.757297514,3,-0.399013158
828,877,561.28,120,55.76513636,82.0,72.0,24.31,279.9588816,2.130781372,3,-0.999177632
829,1275,816.0,120,68.24686364,120.0,64.0,24.31,259.9588816,3.235944617,3,-0.199177632
830,709,453.76,100,19.52786364,70.0,56.0,14.586,199.9753289,2.152196863,2,-0.599506579
831,1720,1100.8,320,163.873,170.3,80.0,68.068,479.8848684,3.380012325,3,-5.197697368
832,1152,737.28,150,67.3208,86.0,32.0,72.93,379.8766447,1.918444848,3,-1.797532895
833,3382,2164.48,780,471.6885,330.0,208.0,92.378,899.84375,4.783023907,0,-15.996875
834,923,590.72,80,104.0815,65.78,24.0,63.206,319.8930921,1.599055738,3,-2.397861842
835,525,336.0,50,1.55015,56.0,24.0,19.448,139.9671053,2.058008673,2,0.800657895
836,983,629.12,130,0.13287,86.68,48.0,43.758,299.9259868,2.176125902,3,-0.398519737
837,1303,833.92,290,77.9504,95.46,48.0,77.792,439.8684211,1.978938063,3,-5.597368421
838,552,353.28,70,4.78332,52.93,40.0,14.586,159.9753289,1.819481114,2,0.000493421
839,1030,659.2,80,31.66735,57.0,56.0,53.482,359.9095395,1.3063223,3,-0.198190789
840,766,490.24,50,10.23099,23.08,88.0,24.31,319.9588816,0.560997445,3,-0.399177632
841,2615,1673.6,170,59.7915,560.0,16.0,4.862,59.99177632,31.43506266,0,16.80016447
842,917,586.88,80,10.27528,90.01,32.0,43.758,259.9259868,2.427381708,3,1.201480263
843,2903,1857.92,320,797.22,238.7,96.0,155.584,879.7368421,3.499034246,0,-12.19473684
844,660,422.4,80,18.46893,56.0,56.0,14.586,199.9753289,1.721757491,2,-0.199506579
845,1560,998.4,110,349.4481,78.63,40.0,140.998,679.7615132,1.311239893,3,-5.795230263
846,916,586.24,60,22.145,129.0,64.0,9.724,199.9835526,3.966109813,3,3.200328947
847,699,447.36,50,38.85440909,96.0,56.0,9.724,179.9835526,3.111193244,2,2.000328947
848,681,435.84,40,45.49790909,80.0,48.0,4.862,139.9917763,2.939753316,2,1.600164474
849,356,227.84,30,13.48831818,7.0,24.0,14.586,119.9753289,0.277858847,2,-0.799506579
850,777,497.28,70,13.287,102.0,72.0,4.862,199.9917763,3.135929329,3,2.000164474
851,594,380.16,40,12.48172727,23.0,80.0,14.586,259.9753289,0.620203099,2,-0.399506579
852,1798,1150.72,240,87.97604545,172.0,64.0,77.792,479.8684211,3.413811408,3,-1.797368421
853,1745,1116.8,180,177.5626364,180.0,56.0,68.068,419.8848684,3.819262925,3,-1.597697368
854,1743,1115.52,150,165.4835455,180.0,64.0,77.792,479.8684211,3.572593334,3,-0.197368421
855,539,344.96,60,7.247454545,49.0,40.0,14.586,159.9753289,1.684386446,2,0.000493421
856,1135,726.4,50,29.39245455,118.0,48.0,48.62,319.9177632,2.868368827,3,2.201644737
857,546,349.44,50,6.442181818,41.0,32.0,14.586,139.9753289,1.506712087,2,-0.199506579
858,1150,736.0,60,61.80468182,119.0,48.0,48.62,319.9177632,2.892677037,3,1.801644737
859,510,326.4,50,4.831636364,33.0,32.0,19.448,159.9671053,1.134411867,2,-0.399342105
860,820,524.8,80,32.19883,92.0,24.0,38.896,219.9342105,2.69720277,3,0.801315789
861,3192,2042.88,430,469.0311,406.0,88.0,82.654,559.8601974,7.460336229,0,-1.797203947
862,1037,663.68,170,68.02944,73.0,88.0,29.172,339.9506579,1.721420938,3,-2.999013158
863,884,565.76,90,3.05601,135.0,24.0,24.31,159.9588816,4.640895111,3,2.800822368
864,957,612.48,30,0.97438,161.0,24.0,24.31,159.9588816,5.534697132,3,5.800822368
865,1466,938.24,290,52.21791,84.0,152.0,43.758,559.9259868,1.543427159,3,-6.198519737
866,1284,821.76,190,55.8054,116.0,80.0,43.758,379.9259868,2.587501755,3,-2.198519737
867,491,314.24,50,7.04211,44.0,56.0,9.724,179.9835526,1.42596357,2,0.200328947
868,1349,863.36,190,81.0507,164.0,56.0,38.896,299.9342105,4.117209914,3,0.201315789
869,1980,1267.2,320,162.1014,155.0,160.0,63.206,659.8930921,2.623415445,3,-5.997861842
870,3349,2143.36,690,181.589,413.0,40.0,184.756,859.6875,6.124235881,0,-6.79375
871,1566,1002.24,370,34.1033,182.0,72.0,43.758,359.9259868,4.170968884,3,-3.598519737
872,923,590.72,120,24.15818182,57.0,96.0,34.034,379.9424342,1.271417308,3,-1.598848684
873,771,493.44,100,10.66986364,75.0,96.0,9.724,279.9835526,1.948799535,3,0.000328947
874,1726,1104.64,260,0.805272727,205.0,88.0,68.068,499.8848684,3.986493218,3,-0.797697368
875,1327,849.28,150,6.240863636,175.0,104.0,9.724,299.9835526,4.393002907,3,2.000328947
876,392,250.88,20,9.260636364,13.0,40.0,14.586,159.9753289,0.446878037,2,-0.199506579
877,540,345.6,30,0.201318182,58.0,56.0,9.724,179.9835526,1.879679252,2,1.600328947
878,990,633.6,100,16.56446,104.57,64.0,29.172,279.9506579,2.717305863,3,1.200986842
879,809,517.76,90,17.76029,86.0,72.0,14.586,239.9753289,2.413722381,3,0.600493421
880,972,622.08,100,10.36386,85.4,80.0,34.034,339.9424342,2.013851045,3,0.401151316
881,2250,1440.0,440,57.22268,241.0,160.0,48.62,599.9177632,4.278025273,0,-3.398355263
882,1454,930.56,230,99.2096,85.0,128.0,58.344,559.9013158,1.5618357,3,-4.798026316
883,1610,1030.4,230,17.716,165.0,104.0,48.62,459.9177632,3.345153233,3,0.001644737
884,1301,832.64,80,39.01949,51.3,104.0,72.93,559.8766447,0.942634549,3,-1.197532895
885,1067,682.88,120,27.68125,82.45,80.0,38.896,359.9342105,1.889518988,3,-0.798684211
886,3044,1948.16,550,223.2216,349.6,232.0,29.172,699.9506579,5.745262481,0,-4.599013158
887,1693,1083.52,250,22.145,99.32,152.0,63.206,639.8930921,1.70708507,3,-3.597861842
888,2802,1793.28,530,217.021,151.6,264.0,97.24,1059.835526,2.02466012,0,-12.59671053
889,1664,1064.96,280,20.55056,191.7,72.0,58.344,419.9013158,4.067435353,3,-0.598026316
890,1282,820.48,110,21.56923,79.78,88.0,63.206,479.8930921,1.583412054,3,-0.197861842
891,1734,1109.76,320,79.722,103.81,160.0,58.344,639.9013158,1.7842465,3,-6.598026316
892,1837,1175.68,340,85.0368,105.87,200.0,43.758,679.9259868,1.765282667,3,-6.998519737
893,942,602.88,120,46.9474,61.37,96.0,29.172,359.9506579,1.406393341,3,-1.799013158
894,2683,1717.12,480,221.0071,118.0,200.0,131.274,1039.777961,1.591050145,0,-12.79555921
895,690,441.6,50,17.716,35.73,48.0,38.896,279.9342105,0.928489917,2,-0.398684211
896,1320,844.8,190,144.8283,85.0,144.0,29.172,479.9506579,1.686913423,3,-4.599013158
897,1446,925.44,190,13.287,218.0,40.0,43.758,279.9259868,5.665093063,3,3.401480263
898,389,248.96,30,0.3,17.8,32.0,19.448,159.9671053,0.611894886,2,-0.199342105
899,444,284.16,60,1.01867,28.0,24.0,24.31,159.9588816,0.962556023,2,-0.599177632
900,4644,2972.16,1000,528.8226,148.0,592.0,97.24,1879.835526,1.484136865,0,-31.39671053
901,927,593.28,60,29.85146,101.0,48.0,34.034,259.9424342,2.723672883,3,1.801151316
902,1980,1267.2,200,66.0,224.0,112.0,63.206,539.8930921,4.191469371,3,1.602138158
903,344,220.16,20,3.019772727,6.0,48.0,14.586,179.9753289,0.19445402,2,-0.599506579
904,342,218.88,40,3.825045455,19.0,32.0,14.586,139.9753289,0.698232431,2,-0.599506579
905,1197,766.08,40,15.5015,76.0,48.0,43.758,299.9259868,1.908001483,3,-0.398519737
906,672,430.08,80,7.448772727,75.0,56.0,19.448,219.9671053,2.198642191,2,-0.399342105
907,1585,1014.4,260,190.447,103.0,144.0,29.172,479.9506579,2.044142148,3,-5.199013158
908,1162,743.68,150,3.67607,25.0,160.0,9.724,439.9835526,0.518195875,3,-1.399671053
909,1620,1036.8,200,221.45,98.0,200.0,34.034,639.9424342,1.684332332,3,-5.198848684
910,2175,1392.0,370,190.447,116.0,208.0,77.792,839.8684211,1.740301631,3,-8.997368421
911,3026,1936.64,540,416.326,288.0,24.0,204.204,899.6546053,4.174714189,0,-10.19309211
912,1590,1017.6,280,3.27746,157.0,80.0,58.344,439.9013158,3.254574264,3,-1.998026316
913,2483,1589.12,590,73.0785,241.0,64.0,136.136,719.7697368,3.905641847,0,-8.795394737
914,2592,1658.88,460,349.0052,181.0,64.0,170.17,859.7121711,2.683948642,0,-10.59424342
915,579,370.56,70,39.861,33.0,64.0,14.586,219.9753289,0.967384481,2,-1.599506579
917,2265,1449.6,300,301.172,95.0,248.0,63.206,879.8930921,1.392453866,0,-9.397861842
918,1394,892.16,60,5.18193,240.0,48.0,14.586,179.9753289,7.778160809,3,8.000493421
919,1079,690.56,110,14.03993,101.0,64.0,38.896,319.9342105,2.455066142,3,0.401315789
920,1925,1232.0,90,188.2325,378.3,16.0,43.758,219.9259868,11.09098788,3,10.00148026
921,1630,1043.2,240,198.8621,152.0,40.0,97.24,499.8355263,2.955984766,3,-3.996710526
922,1443,923.52,230,18.278483,104.61,136.0,38.896,499.9342105,2.034177929,3,-2.998684211
923,839,536.96,50,28.7885,70.0,32.0,48.62,279.9177632,1.819093301,3,0.601644737
924,1506,963.84,170,219.27979,110.5,152.0,34.034,519.9424342,2.106962521,3,-4.198848684
925,543,347.52,80,3.215454,52.0,32.0,29.172,199.9506579,1.598873443,2,-0.399013158
926,835,534.4,90,16.3873,35.26,96.0,24.31,339.9588816,0.831459837,3,-1.599177632
927,1406,899.84,230,151.0289,75.0,72.0,87.516,539.8519737,1.403447207,3,-6.197039474
928,805,515.2,50,135.0845,22.94,56.0,48.62,339.9177632,0.540976809,3,-2.798355263
929,995,636.8,50,18.119039,214.0,16.0,4.862,59.99177632,12.01268466,3,7.200164474
930,2967,1898.88,240,13.10984,599.0,24.0,24.31,159.9588816,20.59182349,0,18.20082237
931,1397,894.08,150,1.7716,59.38,184.0,24.31,559.9588816,1.091023961,3,-2.399177632
932,508,325.12,100,23.20796,44.0,40.0,24.31,199.9588816,1.352865093,2,-1.599177632
933,1180,755.2,150,38.44372,91.0,88.0,43.758,399.9259868,1.978443917,3,-1.798519737
934,1381,883.84,170,220.25417,78.29,120.0,53.482,519.9095395,1.492844471,3,-5.198190789
935,2718,1739.52,670,17.22881,125.0,272.0,97.24,1079.835526,1.653877623,0,-14.39671053
936,2819,1804.16,540,28.38989,408.3,152.0,29.172,499.9506579,7.93940528,0,1.400986842
937,519,332.16,80,2.39166,48.48,40.0,14.586,159.9753289,1.666511325,2,-0.599506579
938,1320,844.8,50,15.111748,282.0,8.0,9.724,59.98355263,15.8308845,3,10.00032895
939,1504,962.56,220,35.65345,113.95,160.0,24.31,499.9588816,2.215742814,3,-2.199177632
940,2144,1372.16,400,38.26656,213.6,88.0,92.378,599.84375,3.79187789,3,-3.396875
941,942,602.88,40,34.28046,45.75,96.0,34.034,379.9424342,1.020479681,3,0.001151316
942,910,582.4,50,37.82366,40.32,72.0,48.62,379.9177632,0.899389654,3,-0.598355263
943,1014,648.96,160,20.46198,95.01,48.0,43.758,299.9259868,2.385252907,3,-1.198519737
944,1320,844.8,240,36.920144,55.96,136.0,48.62,539.9177632,1.047094942,3,-5.398355263
945,2080,1331.2,110,58.9057,380.0,32.0,38.896,239.9342105,10.66619877,3,11.60131579
947,942,602.88,40,34.28046,45.75,96.0,34.034,379.9424342,1.020479681,3,0.001151316
948,2162,1383.68,200,172.731,427.5,24.0,24.31,159.9588816,14.69616785,3,9.000822368
949,543,347.52,80,3.215454,52.0,32.0,29.172,199.9506579,1.598873443,2,-0.399013158
950,505,323.2,70,5.49196,50.0,8.0,29.172,139.9506579,1.837615715,2,-0.199013158
951,2244,1436.16,390,108.9534,283.8,72.0,77.792,499.8684211,5.518953113,3,-0.997368421
952,1510,966.4,130,8.4151,148.9,56.0,68.068,419.8848684,3.159379164,3,2.602302632
953,2592,1658.88,470,271.45341,208.0,112.0,121.55,779.7944079,3.238511479,0,-8.995888158
954,1608,1029.12,340,3.0,188.8,72.0,48.62,379.9177632,4.211427747,3,-1.998355263
955,985,630.4,110,79.98774,29.78,88.0,48.62,419.9177632,0.631851083,3,-3.398355263
956,1577,1009.28,380,69.5353,95.0,120.0,68.068,579.8848684,1.715239941,3,-8.197697368
957,2368,1515.52,500,240.4947,142.3,104.0,145.86,859.7532895,2.110037341,0,-12.59506579
958,1023,654.72,50,2.2145,170.4,24.0,24.31,159.9588816,5.85784094,3,5.800822368
959,4584,2933.76,990,520.8504,391.4,360.0,111.826,1359.810855,4.614809026,0,-22.79621711
960,1768,1131.52,260,95.97643,153.4,88.0,77.792,539.8684211,2.870473628,3,-2.997368421
961,799,511.36,10,16.3873,96.96,40.0,24.31,199.9588816,2.981222713,3,3.600822368
962,2472,1582.08,490,46.0616,325.5,16.0,121.55,539.7944079,6.091285653,0,-1.795888158
963,915,585.6,100,5.3148,106.45,40.0,29.172,219.9506579,3.120722823,3,1.600986842
964,1301,832.64,120,66.23368182,103.0,64.0,72.93,459.8766447,2.088279916,3,-0.597532895
965,990,633.6,140,21.13840909,110.0,40.0,38.896,259.9342105,2.966423331,3,-0.198684211
966,783,501.12,20,50.53086364,82.0,24.0,38.896,219.9342105,2.404028556,3,2.001315789
967,1290,825.6,140,72.87718182,89.0,64.0,72.93,459.8766447,1.804436044,3,-1.597532895
968,972,622.08,110,43.48472727,92.0,32.0,53.482,299.9095395,2.309749338,3,-0.198190789
969,731,467.84,90,16.50809091,64.0,32.0,38.896,239.9342105,1.796412425,2,-0.198684211
970,434,277.76,50,2.617136364,38.0,16.0,24.31,139.9588816,1.396546912,2,0.000822368
971,1387,887.68,270,47.71240909,101.0,104.0,53.482,479.9095395,2.004535936,3,-4.598190789
972,1386,887.04,190,87.37209091,138.0,64.0,58.344,399.9013158,3.000370134,3,-1.398026316
973,637,407.68,60,23.75554545,45.0,24.0,38.896,219.9342105,1.319283964,2,-0.398684211
974,1572,1006.08,160,196.8891818,133.0,96.0,63.206,499.8930921,2.586337741,3,-2.597861842
975,1114,712.96,90,35.96348,72.44,120.0,29.172,419.9506579,1.536920745,3,-0.399013158
976,4303,2753.92,1060,69.5353,208.0,232.0,262.548,1659.555921,2.219931396,0,-22.79111842
977,1612,1031.68,220,70.864,125.0,184.0,24.31,559.9588816,2.296699143,3,-2.999177632
978,934,597.76,60,0.651063,84.0,88.0,14.586,279.9753289,2.182687535,3,1.600493421
979,798,510.72,50,21.635665,38.05,96.0,19.448,319.9671053,0.924856086,3,-0.399342105
980,1169,748.16,130,20.670143,91.0,104.0,29.172,379.9506579,2.029784613,3,-0.599013158
981,760,486.4,40,13.7299,37.07,96.0,14.586,299.9753289,0.930576285,3,0.000493421
982,934,597.76,60,17.93745,86.2,56.0,34.034,279.9424342,2.239984754,3,1.401151316
983,876,560.64,60,3.228741,114.0,32.0,29.172,199.9506579,3.505222547,3,2.600986842
984,922,590.08,90,48.09894,30.0,120.0,24.31,399.9588816,0.652207436,3,-2.399177632
985,1589,1016.96,180,124.012,80.0,152.0,63.206,639.8930921,1.375018179,3,-4.397861842
986,1128,721.92,100,145.7141,58.0,136.0,24.31,439.9588816,1.202248137,3,-2.999177632
987,1995,1276.8,270,126.2265,200.0,120.0,77.792,619.8684211,3.492628581,3,-2.797368421
988,1208,773.12,150,45.57441,72.41,112.0,38.896,439.9342105,1.500986699,3,-2.398684211
989,1578,1009.92,270,14.1728,140.0,168.0,14.586,479.9753289,2.77837423,3,-2.799506579
990,1541,986.24,170,34.81194,77.0,104.0,87.516,619.8519737,1.344679844,3,-2.797039474
991,1102,705.28,130,14.1728,85.48,88.0,34.034,359.9424342,1.958935573,3,-0.598848684
992,4060,2598.4,430,79.722,505.0,272.0,92.378,1059.84375,6.744389142,0,-12.796875
993,1888,1208.32,180,84.151,250.0,112.0,34.034,419.9424342,5.304168255,3,2.001151316
994,1686,1079.04,230,186.018,105.72,160.0,48.62,599.9177632,1.876650755,3,-5.798355263
995,1052,673.28,100,47.43459,70.0,72.0,48.62,379.9177632,1.561440372,3,-0.998355263
996,991,634.24,90,19.22186,56.0,80.0,43.758,379.9259868,1.249138778,3,-0.798519737
997,889,568.96,50,12.31262,83.0,32.0,48.62,279.9177632,2.156924914,3,1.601644737
998,886,567.04,120,32.21090909,43.0,48.0,48.62,319.9177632,1.045253047,3,-2.998355263
999,572,366.08,90,15.09886364,55.0,56.0,19.448,219.9671053,1.612337607,2,-0.799342105
1000,1568,1003.52,240,7.448772727,268.0,64.0,19.448,239.9671053,7.521961422,3,3.400657895
1001,692,442.88,100,42.27681818,64.0,80.0,24.31,299.9588816,1.606649988,2,-1.199177632
1002,724,463.36,80,30.60036364,32.0,40.0,43.758,279.9259868,0.831573294,2,-1.998519737
1003,672,430.08,130,19.4876,81.0,40.0,9.724,139.9835526,2.976587662,2,-0.799671053
1004,2558,1637.12,510,89.15577,226.0,144.0,87.516,719.8519737,3.662342892,0,-6.197039474
1005,742,474.88,60,32.46457,34.0,80.0,24.31,299.9588816,0.853532806,2,-0.799177632
1006,890,569.6,40,86.8084,57.98,24.0,58.344,299.9013158,1.45566416,3,-0.198026316
1007,2129,1362.56,450,134.6416,174.0,160.0,72.93,699.8766447,2.859635381,3,-7.797532895
1008,1948,1246.72,330,245.8095,202.2,136.0,38.896,499.9342105,3.931849509,3,-4.998684211
1009,1026,656.64,140,113.3824,50.55,136.0,14.586,399.9753289,1.098946934,3,-3.999506579
1010,1255,803.2,140,100.0954,49.0,152.0,43.758,559.9259868,0.900332509,3,-3.998519737
1011,4516,2890.24,610,1028.0,336.6,264.0,111.826,1119.810855,4.373347016,0,-13.59621711
1012,928,593.92,80,46.0616,89.54,40.0,38.896,259.9342105,2.414668592,3,0.601315789
1013,1440,921.6,160,18.1589,61.5,136.0,53.482,559.9095395,1.130025767,3,-2.598190789
1014,1725,1104.0,270,104.9673,179.8,96.0,53.482,459.9095395,3.645235931,3,-1.998190789
1015,3928,2513.92,860,19.4876,159.6,392.0,150.722,1599.745066,1.73492083,0,-23.19490132
1016,1716,1098.24,280,108.5105,57.01,168.0,72.93,719.8766447,0.923834471,3,-7.597532895
1017,957,612.48,100,8.858,56.0,112.0,14.586,339.9753289,1.320494175,3,-0.799506579
1018,1568,1003.52,240,186.018,60.15,152.0,63.206,639.8930921,1.033841794,3,-7.597861842
1019,2789,1784.96,450,461.0,75.25,272.0,126.412,1199.786184,0.944553888,0,-17.79572368
1020,1027,657.28,60,26.574,42.8,120.0,29.172,419.9506579,0.908064714,3,-0.399013158
1021,1691,1082.24,230,81.9365,137.0,128.0,53.482,539.9095395,2.56349356,3,-2.398190789
1022,3050,1952.0,550,427.61995,101.92,256.0,160.446,1299.728618,1.229150998,0,-18.79457237
1023,732,468.48,40,3.445762,45.75,88.0,9.724,259.9835526,1.233645348,2,0.600328947
1024,428,273.92,40,1.585582,11.99,56.0,9.724,179.9835526,0.388575073,2,-0.599671053
1025,1334,853.76,190,10.904198,110.8,104.0,43.758,439.9259868,2.296794375,3,-1.198519737
1026,1371,877.44,130,10.080404,84.93,112.0,53.482,499.9095395,1.651534217,3,-0.398190789
1027,3140,2009.6,530,189.38404,195.1,200.0,131.274,1039.777961,2.630626129,0,-9.395559211
1028,2458,1573.12,430,193.85733,261.1,184.0,38.896,619.9342105,4.559384665,0,-4.998684211
1029,2103,1345.92,430,8.587831,140.8,192.0,58.344,719.9013158,2.281593837,3,-7.398026316
1030,983,629.12,70,12.26833,56.37,104.0,24.31,359.9588816,1.291795454,3,-0.199177632
1031,1246,797.44,140,12.290475,79.73,128.0,29.172,439.9506579,1.652692067,3,-0.999013158
1032,670,428.8,50,46.5045,50.0,56.0,29.172,259.9506579,1.348331584,2,-0.399013158
1033,1194,764.16,200,86.3655,44.0,80.0,68.068,479.8848684,0.873285627,3,-4.997697368
1034,1188,760.32,180,45.6187,142.0,24.0,43.758,239.9259868,3.985858376,3,0.201480263
1035,890,569.6,100,22.5879,93.0,56.0,29.172,259.9506579,2.507896747,3,0.600986842
1036,1364,872.96,300,36.98215,98.0,64.0,58.344,399.9013158,2.130697632,3,-5.198026316
1037,603,385.92,40,41.6326,29.6,40.0,38.896,259.9342105,0.798237551,2,-0.598684211
1038,324,207.36,30,9.7438,11.7,32.0,9.724,119.9835526,0.4644053,2,-0.399671053
1039,1336,855.04,180,74.48772727,147.0,104.0,19.448,339.9671053,3.466339132,3,-0.399342105
1040,758,485.12,80,57.77831818,79.0,48.0,24.31,219.9588816,2.3159464,3,0.000822368
1041,779,498.56,20,42.67945455,43.0,32.0,53.482,299.9095395,1.079556756,3,0.401809211
1042,1776,1136.64,290,57.17436364,174.0,88.0,72.93,519.8766447,3.31796086,3,-1.997532895
1043,1244,796.16,160,38.04913636,121.0,48.0,53.482,339.9095395,2.853486733,3,-0.598190789
1044,1086,695.04,130,58.18095455,96.0,80.0,29.172,319.9506579,2.333468235,3,-0.799013158
1045,850,544.0,30,57.577,55.55,80.0,24.31,299.9588816,1.394521982,3,0.200822368
1046,830,531.2,60,31.0,51.81,40.0,53.482,319.9095395,1.259424568,3,-0.398190789
1047,1275,816.0,60,27.0,64.29,120.0,48.62,499.9177632,1.250162033,3,0.401644737
1048,1084,693.76,60,143.0,27.17,176.0,9.724,479.9835526,0.539198437,3,-3.399671053
1049,991,634.24,100,3.494481,90.2,64.0,34.034,299.9424342,2.26443441,3,0.201151316
1050,771,493.44,50,9.47806,32.6,56.0,38.896,299.9342105,0.818420995,3,-0.398684211
1051,4986,3191.04,1270,165.2017,464.2,384.0,116.688,1439.802632,5.318948907,0,-20.19605263
1052,598,382.72,30,26.0,39.0,32.0,29.172,199.9506579,1.199155082,2,0.200986842
1053,2693,1723.52,470,217.021,300.0,184.0,63.206,719.8930921,4.861378272,0,-5.597861842
1054,708,453.12,90,18.29177,91.0,40.0,19.448,179.9671053,2.949286689,2,0.600657895
1055,1154,738.56,240,24.0,60.3,80.0,53.482,419.9095395,1.279415493,3,-4.798190789
1056,620,396.8,80,24.00518,39.96,24.0,34.034,199.9424342,1.228698013,2,-1.598848684
1057,3197,2046.08,770,185.1322,209.0,208.0,126.412,1039.786184,2.818035299,0,-14.99572368
1058,1590,1017.6,310,221.0071,118.0,96.0,68.068,519.8848684,2.250093591,3,-7.797697368
1059,650,416.0,70,20.10766,58.0,24.0,34.034,199.9424342,1.783395514,2,0.201151316
1060,460,294.4,20,25.99823,42.0,24.0,19.448,139.9671053,1.543506504,2,0.800657895
1061,580,371.2,30,40.0,35.0,24.0,38.896,219.9342105,1.026109749,2,-0.198684211
1062,654,418.56,80,45.0,34.0,48.0,34.034,259.9424342,0.91687998,2,-1.798848684
1063,1097,702.08,240,53.0,56.78,72.0,58.344,419.9013158,1.204741676,3,-5.398026316
1064,499,319.36,40,47.3903,18.0,40.0,29.172,219.9506579,0.527693854,2,-1.199013158
1065,1705,1091.2,350,34.0,196.0,104.0,38.896,419.9342105,4.15850863,3,-2.398684211
1066,580,371.2,20,15.0,19.0,56.0,29.172,259.9506579,0.512366002,2,-0.199013158
1067,552,353.28,40,30.0,17.0,64.0,19.448,239.9671053,0.477139344,2,-1.199342105
1068,638,408.32,50,17.05165,73.0,48.0,14.586,179.9753289,2.365857246,2,1.200493421
1069,640,409.6,50,9.56664,69.79,48.0,14.586,179.9753289,2.261824345,2,1.200493421
1070,1265,809.6,230,5.09335,84.08,104.0,43.758,439.9259868,1.742910389,3,-3.398519737
1071,643,411.52,50,16.8302,72.96,56.0,9.724,179.9835526,2.364506865,2,1.400328947
1072,1270,812.8,220,3.72036,83.71,112.0,38.896,439.9342105,1.73522437,3,-3.198684211
1073,635,406.4,50,9.3009,66.7,48.0,14.586,179.9753289,2.161680525,2,1.200493421
1074,709,453.76,60,16.87449,72.09,64.0,14.586,219.9753289,2.11329537,2,0.800493421
1075,4040,2585.6,830,367.607,312.0,112.0,262.548,1359.555921,3.67898672,0,-17.99111842
1076,2454,1570.56,500,42.88077273,246.0,56.0,136.136,699.7697368,4.043241599,0,-5.395394737
1077,733,469.12,120,32.41222727,60.0,16.0,48.62,239.9177632,1.684194375,2,-1.598355263
1078,1308,837.12,160,44.29,110.0,48.0,72.93,419.8766447,2.334016867,3,-0.797532895
1079,1283,821.12,190,41.27022727,133.0,32.0,68.068,359.8848684,3.048189842,3,-0.597697368
1080,476,304.64,40,35.83463636,42.0,16.0,29.172,159.9506579,1.443871151,2,0.000986842
1081,2316,1482.24,350,245.0042273,214.0,88.0,116.688,699.8026316,3.517208805,0,-5.596052632
1082,1295,828.8,180,45.69922727,117.0,48.0,68.068,399.8848684,2.543844383,3,-1.197697368
1083,1367,874.88,320,18.52127273,132.0,40.0,72.93,399.8766447,2.87000779,3,-4.197532895
1084,554,354.56,70,18.92390909,44.0,24.0,34.034,199.9424342,1.352920735,2,-0.598848684
1085,1255,803.2,200,93.41163636,108.0,80.0,43.758,379.9259868,2.409053359,3,-3.598519737
1086,761,487.04,90,53.75195455,72.0,48.0,24.31,219.9588816,2.110735959,3,-0.599177632
1087,1615,1033.6,250,192.0575455,160.0,88.0,48.62,419.9177632,3.394767404,3,-4.398355263
1088,1932,1236.48,220,173.9389091,195.0,80.0,63.206,459.8930921,3.95346895,3,-1.997861842
1089,2179,1394.56,360,118.5764091,302.0,88.0,53.482,439.9095395,6.260332743,3,-0.198190789
1090,1030,659.2,110,58.78490909,98.0,48.0,43.758,299.9259868,2.460317702,3,-0.398519737
1091,1965,1257.6,360,18.73467,290.0,48.0,92.378,499.84375,5.639661383,3,1.203125
1092,2188,1400.32,390,54.12238,122.1,144.0,111.826,819.8108553,1.854090786,3,-7.796217105
1093,1514,968.96,210,119.1401,107.65,120.0,53.482,519.9095395,2.052684983,3,-3.998190789
1094,1490,953.6,110,33.2175,133.2,104.0,48.62,459.9177632,2.700450974,3,2.201644737
1095,1436,919.04,180,179.3745,205.8,40.0,29.172,219.9506579,6.033299736,3,2.400986842
1096,797,510.08,90,32.64173,58.08,48.0,43.758,299.9259868,1.458114818,3,-0.798519737
1097,435,278.4,40,18.51322,33.18,32.0,29.172,199.9506579,1.020204247,2,-0.199013158
1098,906,579.84,150,37.51363,55.93,96.0,24.31,339.9588816,1.31887546,3,-2.199177632
1099,3279,2098.56,510,578.4274,295.2,328.0,34.034,959.9424342,4.142532479,0,-14.39884868
1100,599,383.36,70,52.52794,36.94,40.0,38.896,259.9342105,0.99617889,2,-1.598684211
1101,2324,1487.36,370,336.1611,169.3,160.0,97.24,799.8355263,2.602727956,0,-8.596710526
1102,2109,1349.76,260,332.175,211.3,48.0,116.688,599.8026316,3.751176315,3,-3.396052632
1103,1115,713.6,220,44.20142,60.44,80.0,53.482,419.9095395,1.282385944,3,-4.398190789
1104,5053,3233.92,1360,76.35596,465.2,400.0,92.378,1379.84375,5.444987846,0,-21.996875
1105,2280,1459.2,340,506.2347,170.7,152.0,97.24,779.8355263,2.657689111,0,-11.59671053
